Attributes,Adj Close,Close,High,Low,Open,Volume
Symbols,BTC-USD,BTC-USD,BTC-USD,BTC-USD,BTC-USD,BTC-USD
Date,,,,,,
2018-01-01,13657.200195,13657.200195,14112.200195,13154.700195,14112.200195,10291200000.0
2018-01-02,14982.099609,14982.099609,15444.599609,13163.599609,13625.0,16846600192.0
2018-01-03,15201.0,15201.0,15572.799805,14844.5,14978.200195,16871900160.0
2018-01-04,15599.200195,15599.200195,15739.700195,14522.200195,15270.700195,21783199744.0
2018-01-05,17429.5,17429.5,17705.199219,15202.799805,15477.200195,23840899072.0
2018-01-06,17527.0,17527.0,17712.400391,16764.599609,17462.099609,18314600448.0
2018-01-07,16477.599609,16477.599609,17579.599609,16087.700195,17527.300781,15866000384.0
2018-01-08,15170.099609,15170.099609,16537.900391,14208.200195,16476.199219,18413899776.0
2018-01-09,14595.400391,14595.400391,15497.5,14424.0,15123.700195,16659999744.0
2018-01-10,14973.299805,14973.299805,14973.299805,13691.200195,14588.5,18500800512.0
2018-01-11,13405.799805,13405.799805,15018.799805,13105.900391,14968.200195,16534099968.0
2018-01-12,13980.599609,13980.599609,14229.900391,13158.099609,13453.900391,12065699840.0
2018-01-13,14360.200195,14360.200195,14659.5,13952.400391,13952.400391,12763599872.0
2018-01-14,13772.0,13772.0,14511.799805,13268.0,14370.799805,11084099584.0
2018-01-15,13819.799805,13819.799805,14445.5,13641.700195,13767.299805,12750799872.0
2018-01-16,11490.5,11490.5,13843.099609,10194.900391,13836.099609,18853799936.0
2018-01-17,11188.599609,11188.599609,11678.0,9402.290039,11431.099609,18830600192.0
2018-01-18,11474.900391,11474.900391,12107.299805,10942.5,11198.799805,15020399616.0
2018-01-19,11607.400391,11607.400391,11992.799805,11172.099609,11429.799805,10740400128.0
2018-01-20,12899.200195,12899.200195,13103.0,11656.200195,11656.200195,11801700352.0
2018-01-21,11600.099609,11600.099609,12895.900391,11288.200195,12889.200195,9935179776.0
2018-01-22,10931.400391,10931.400391,11966.400391,10240.200195,11633.099609,10537400320.0
2018-01-23,10868.400391,10868.400391,11377.599609,10129.700195,10944.5,9660609536.0
2018-01-24,11359.400391,11359.400391,11501.400391,10639.799805,10903.400391,9940989952.0
2018-01-25,11259.400391,11259.400391,11785.700195,11057.400391,11421.700195,8873169920.0
2018-01-26,11171.400391,11171.400391,11656.700195,10470.299805,11256.0,9746199552.0
2018-01-27,11440.700195,11440.700195,11614.900391,10989.200195,11174.900391,7583269888.0
2018-01-28,11786.299805,11786.299805,12040.299805,11475.299805,11475.299805,8350360064.0
2018-01-29,11296.400391,11296.400391,11875.599609,11179.200195,11755.5,7107359744.0
2018-01-30,10106.299805,10106.299805,11307.200195,10036.200195,11306.799805,8637859840.0
2018-01-31,10221.099609,10221.099609,10381.599609,9777.419922,10108.200195,8041160192.0
2018-02-01,9170.540039,9170.540039,10288.799805,8812.280273,10237.299805,9959400448.0
2018-02-02,8830.75,8830.75,9142.280273,7796.490234000001,9142.280273,12726899712.0
2018-02-03,9174.910156,9174.910156,9430.75,8251.629883,8852.120117,7263790080.0
2018-02-04,8277.009766,8277.009766,9334.870117,8031.220215,9175.700195,7073549824.0
2018-02-05,6955.27002,6955.27002,8364.839844,6756.680176000001,8270.540039,9285289984.0
2018-02-06,7754.0,7754.0,7850.700195,6048.259765999999,7051.75,13999800320.0
2018-02-07,7621.299805,7621.299805,8509.110352,7236.790039,7755.490234000001,9169280000.0
2018-02-08,8265.589844,8265.589844,8558.769531,7637.859863,7637.859863,9346750464.0
2018-02-09,8736.980469,8736.980469,8736.980469,7884.709961,8271.839844,6784820224.0
2018-02-10,8621.900391,8621.900391,9122.549805,8295.469727,8720.080078,7780960256.0
2018-02-11,8129.970215,8129.970215,8616.129883,7931.100098000001,8616.129883,6122189824.0
2018-02-12,8926.570313,8926.570313,8985.919922,8141.430176000001,8141.430176000001,6256439808.0
2018-02-13,8598.30957,8598.30957,8958.469727,8455.410156,8926.719727,5696719872.0
2018-02-14,9494.629883,9494.629883,9518.540039,8599.919922,8599.919922,7909819904.0
2018-02-15,10166.400391,10166.400391,10234.799805,9395.580078,9488.320313,9062540288.0
2018-02-16,10233.900391,10233.900391,10324.099609,9824.820313,10135.700195,7296159744.0
2018-02-17,11112.700195,11112.700195,11139.5,10149.400391,10207.5,8660880384.0
2018-02-18,10551.799805,10551.799805,11349.799805,10326.0,11123.400391,8744009728.0
2018-02-19,11225.299805,11225.299805,11273.799805,10513.200195,10552.599609,7652089856.0
2018-02-20,11403.700195,11403.700195,11958.5,11231.799805,11231.799805,9926540288.0
2018-02-21,10690.400391,10690.400391,11418.5,10479.099609,11372.200195,9405339648.0
2018-02-22,10005.0,10005.0,11039.099609,9939.089844,10660.400391,8040079872.0
2018-02-23,10301.099609,10301.099609,10487.299805,9734.55957,9937.070313,7739500032.0
2018-02-24,9813.070313,9813.070313,10597.200195,9546.969727,10287.700195,6917929984.0
2018-02-25,9664.730469,9664.730469,9923.219727,9407.05957,9796.419922,5706939904.0
2018-02-26,10366.700195,10366.700195,10475.0,9501.730469,9669.429688,7287690240.0
2018-02-27,10725.599609,10725.599609,10878.5,10246.099609,10393.900391,6966179840.0
2018-02-28,10397.900391,10397.900391,11089.799805,10393.099609,10687.200195,6936189952.0
2018-03-01,10951.0,10951.0,11052.299805,10352.700195,10385.0,7317279744.0
2018-03-02,11086.400391,11086.400391,11189.0,10850.099609,10977.400391,7620590080.0
2018-03-03,11489.700195,11489.700195,11528.200195,11002.400391,11101.900391,6690570240.0
2018-03-04,11512.599609,11512.599609,11512.599609,11136.099609,11497.400391,6084149760.0
2018-03-05,11573.299805,11573.299805,11704.099609,11443.900391,11532.400391,6468539904.0
2018-03-06,10779.900391,10779.900391,11500.099609,10694.299805,11500.099609,6832169984.0
2018-03-07,9965.570313,9965.570313,10929.5,9692.120117,10803.900391,8797910016.0
2018-03-08,9395.009766,9395.009766,10147.400391,9335.870117,9951.44043,7186089984.0
2018-03-09,9337.549805,9337.549805,9466.349609,8513.030273,9414.69043,8704190464.0
2018-03-10,8866.0,8866.0,9531.320313,8828.469727,9350.589844,5386319872.0
2018-03-11,9578.629883,9578.629883,9711.889648,8607.120117,8852.780273,6296370176.0
2018-03-12,9205.120117,9205.120117,9937.5,8956.429688,9602.929688,6457399808.0
2018-03-13,9194.849609,9194.849609,9470.379883,8958.19043,9173.040039,5991139840.0
2018-03-14,8269.80957,8269.80957,9355.849609,8068.589844,9214.650391,6438230016.0
2018-03-15,8300.860352,8300.860352,8428.349609,7783.049805,8290.759766,6834429952.0
2018-03-16,8338.349609,8338.349609,8585.150391,8005.310059,8322.910156,5289379840.0
2018-03-17,7916.879883,7916.879883,8346.530273,7812.819823999999,8321.910156,4426149888.0
2018-03-18,8223.679688,8223.679688,8245.509766,7397.990234000001,7890.52002,6639190016.0
2018-03-19,8630.650391,8630.650391,8675.870117,8182.399901999999,8344.120117,6729110016.0
2018-03-20,8913.469727,8913.469727,9051.019531,8389.889648,8619.669922,6361789952.0
2018-03-21,8929.280273,8929.280273,9177.370117,8846.330078,8937.480469,6043129856.0
2018-03-22,8728.469727,8728.469727,9100.709961,8564.900391,8939.44043,5530390016.0
2018-03-23,8879.620117,8879.620117,8879.620117,8360.620117,8736.25,5954120192.0
2018-03-24,8668.120117,8668.120117,8996.179688,8665.700195,8901.950195,5664600064.0
2018-03-25,8495.780273,8495.780273,8682.009766,8449.099609,8612.80957,4569880064.0
2018-03-26,8209.400391,8209.400391,8530.080078,7921.430176000001,8498.469727,5921039872.0
2018-03-27,7833.040039,7833.040039,8232.780273,7797.279785,8200.0,5378250240.0
2018-03-28,7954.47998,7954.47998,8122.890137,7809.169922,7836.830078,4935289856.0
2018-03-29,7165.700195,7165.700195,7994.330078,7081.379883,7979.069823999999,6361229824.0
2018-03-30,6890.52002,6890.52002,7276.660156,6683.930176,7171.450195,6289509888.0
2018-03-31,6973.529785,6973.529785,7207.850098000001,6863.52002,6892.47998,4553269760.0
2018-04-01,6844.22998,6844.22998,7060.950195,6526.870117,7003.060059,4532100096.0
2018-04-02,7083.799805,7083.799805,7135.470215,6816.580078,6844.859863,4333440000.0
2018-04-03,7456.109863,7456.109863,7530.939941,7072.490234000001,7102.259765999999,5499700224.0
2018-04-04,6853.839844,6853.839844,7469.879883,6803.879883,7456.410156,4936000000.0
2018-04-05,6811.470215,6811.470215,6933.819823999999,6644.799805,6848.649901999999,5639320064.0
2018-04-06,6636.319824,6636.319824,6857.490234000001,6575.0,6815.959961,3766810112.0
2018-04-07,6911.089844,6911.089844,7050.540039,6630.509765999999,6630.509765999999,3976610048.0
2018-04-08,7023.52002,7023.52002,7111.560059,6919.97998,6919.97998,3652499968.0
2018-04-09,6770.72998,6770.72998,7178.109863,6661.990234000001,7044.319823999999,4894060032.0
2018-04-10,6834.759765999999,6834.759765999999,6872.410156,6704.149902,6795.439941,4272750080.0
2018-04-11,6968.319823999999,6968.319823999999,6968.319823999999,6817.589844,6843.470215,4641889792.0
2018-04-12,7889.25,7889.25,7899.22998,6806.509765999999,6955.379883,8906250240.0
2018-04-13,7895.959961,7895.959961,8183.959961,7758.930176000001,7901.089844,7764460032.0
2018-04-14,7986.240234000001,7986.240234000001,8140.709961,7846.0,7874.669922,5191430144.0
2018-04-15,8329.110352,8329.110352,8338.419922,7999.330078,7999.330078,5244480000.0
2018-04-16,8058.669922,8058.669922,8371.150391,7925.72998,8337.570313,5631309824.0
2018-04-17,7902.089844,7902.089844,8285.959961,7881.720215,8071.660156,6900879872.0
2018-04-18,8163.419922,8163.419922,8197.799805,7886.009765999999,7944.430176000001,6529909760.0
2018-04-19,8294.30957,8294.30957,8298.69043,8138.779785,8159.27002,7063209984.0
2018-04-20,8845.830078,8845.830078,8880.230469,8244.540039,8286.879883,8438110208.0
2018-04-21,8895.580078,8895.580078,8997.570313,8652.150391,8848.790039,7548550144.0
2018-04-22,8802.459961,8802.459961,9001.639648,8779.610352,8925.05957,6629899776.0
2018-04-23,8930.879883,8930.879883,8958.549805,8788.80957,8794.389648,6925190144.0
2018-04-24,9697.5,9697.5,9732.610352,8927.830078,8934.339844,10678800384.0
2018-04-25,8845.740234,8845.740234,9745.320313,8799.839844,9701.030273,11083100160.0
2018-04-26,9281.509766,9281.509766,9281.509766,8727.089844,8867.320313,8970559488.0
2018-04-27,8987.049805,8987.049805,9375.469727,8987.049805,9290.629883,7566289920.0
2018-04-28,9348.480469,9348.480469,9412.089844,8931.990234,8939.269531,7805479936.0
2018-04-29,9419.080078,9419.080078,9531.490234,9193.709961,9346.410156,8853000192.0
2018-04-30,9240.549805,9240.549805,9477.139648,9166.80957,9426.110352,8673920000.0
2018-05-01,9119.009766,9119.009766,9255.879883,8891.049805,9251.469727,7713019904.0
2018-05-02,9235.919922,9235.919922,9256.519531,9015.139648,9104.599609,7558159872.0
2018-05-03,9743.860352,9743.860352,9798.330078,9188.150391,9233.969727,10207299584.0
2018-05-04,9700.759766,9700.759766,9779.200195,9585.959961,9695.5,8217829888.0
2018-05-05,9858.150391,9858.150391,9964.5,9695.120117,9700.280273,7651939840.0
2018-05-06,9654.799805,9654.799805,9940.139648,9465.25,9845.30957,7222280192.0
2018-05-07,9373.009766,9373.009766,9665.849609,9231.530273,9645.669922,7394019840.0
2018-05-08,9234.820313,9234.820313,9462.75,9127.769531,9380.870117,7415869952.0
2018-05-09,9325.179688,9325.179688,9374.759766,9031.620117,9223.730469,7226890240.0
2018-05-10,9043.94043,9043.94043,9396.040039,9040.519531,9325.959961,6906699776.0
2018-05-11,8441.490234,8441.490234,9052.959961,8394.459961,9052.959961,8488520192.0
2018-05-12,8504.889648,8504.889648,8664.860352,8223.5,8441.44043,6821380096.0
2018-05-13,8723.94043,8723.94043,8773.549805,8395.120117,8515.490234,5866379776.0
2018-05-14,8716.790039,8716.790039,8881.120117,8367.969727,8713.099609,7364149760.0
2018-05-15,8510.379883,8510.379883,8836.19043,8456.450195,8705.19043,6705710080.0
2018-05-16,8368.830078,8368.830078,8508.429688,8175.490234000001,8504.410156,6760220160.0
2018-05-17,8094.319823999999,8094.319823999999,8445.540039,8054.120117,8370.049805,5862530048.0
2018-05-18,8250.969727,8250.969727,8274.120117,7974.819823999999,8091.830078,5764190208.0
2018-05-19,8247.179688,8247.179688,8372.05957,8183.350098000001,8255.730469,4712399872.0
2018-05-20,8513.25,8513.25,8562.410156,8205.240234,8246.990234,5191059968.0
2018-05-21,8418.990234,8418.990234,8557.519531,8365.120117,8522.330078,5154990080.0
2018-05-22,8041.779785,8041.779785,8423.25,8004.580078,8419.870117,5137010176.0
2018-05-23,7557.819823999999,7557.819823999999,8054.660156,7507.879883,8037.080078,6491120128.0
2018-05-24,7587.339844,7587.339844,7738.600098000001,7331.140137,7561.120117,6049220096.0
2018-05-25,7480.140137,7480.140137,7659.140137,7392.649901999999,7592.299805,4867829760.0
2018-05-26,7355.879883,7355.879883,7595.160156,7349.120117,7486.47998,4051539968.0
2018-05-27,7368.220215,7368.220215,7381.740234000001,7270.959961,7362.080078,4056519936.0
2018-05-28,7135.990234000001,7135.990234000001,7419.049805,7100.890137,7371.310059,5040600064.0
2018-05-29,7472.589844,7472.589844,7526.419922,7090.680176000001,7129.459961,5662660096.0
2018-05-30,7406.52002,7406.52002,7573.77002,7313.600098000001,7469.72998,4922540032.0
2018-05-31,7494.169922,7494.169922,7608.899901999999,7361.129883,7406.149901999999,5127130112.0
2018-06-01,7541.450195,7541.450195,7604.72998,7407.339844,7500.700195,4921460224.0
2018-06-02,7643.450195,7643.450195,7695.830078,7497.259765999999,7536.720215,4939299840.0
2018-06-03,7720.25,7720.25,7754.890137,7613.040039,7632.089844,4851760128.0
2018-06-04,7514.470215,7514.470215,7753.819823999999,7474.040039,7722.529785,4993169920.0
2018-06-05,7633.759765999999,7633.759765999999,7643.22998,7397.0,7500.899901999999,4961739776.0
2018-06-06,7653.97998,7653.97998,7680.430176000001,7502.009765999999,7625.970215,4692259840.0
2018-06-07,7678.240234000001,7678.240234000001,7741.27002,7650.819823999999,7650.819823999999,4485799936.0
2018-06-08,7624.919922,7624.919922,7698.189941,7558.399901999999,7685.140137,4227579904.0
2018-06-09,7531.97998,7531.97998,7683.580078,7531.97998,7632.52002,3845220096.0
2018-06-10,6786.02002,6786.02002,7499.549805,6709.069824,7499.549805,5804839936.0
2018-06-11,6906.919922,6906.919922,6910.180176000001,6706.629883,6799.290039,4745269760.0
2018-06-12,6582.359863000001,6582.359863000001,6907.959961,6542.080078,6905.819823999999,4654380032.0
2018-06-13,6349.899902,6349.899902,6631.660156,6285.629883,6596.879883,5052349952.0
2018-06-14,6675.350098,6675.350098,6707.140136999999,6334.459961,6342.75,5138710016.0
2018-06-15,6456.580078,6456.580078,6681.080078,6433.870117,6674.080078,3955389952.0
2018-06-16,6550.160156,6550.160156,6592.490234000001,6402.290039,6455.450195,3194170112.0
2018-06-17,6499.27002,6499.27002,6589.109863000001,6499.27002,6545.529785,3104019968.0
2018-06-18,6734.819823999999,6734.819823999999,6781.140137,6446.680176,6510.069824,4039200000.0
2018-06-19,6769.939941,6769.939941,6822.5,6709.919922,6742.390137,4057029888.0
2018-06-20,6776.549805,6776.549805,6821.560059,6611.879883,6770.759765999999,3888640000.0
2018-06-21,6729.740234000001,6729.740234000001,6810.939941,6715.169922,6780.089844,3529129984.0
2018-06-22,6083.689941,6083.689941,6747.080078,6006.600098,6737.879883,5079810048.0
2018-06-23,6162.47998,6162.47998,6224.819824,6071.810059,6090.100098,3431360000.0
2018-06-24,6173.22998,6173.22998,6223.779785,5826.410156,6164.279785,4566909952.0
2018-06-25,6249.180176,6249.180176,6327.370117,6119.680176,6171.970215,5500810240.0
2018-06-26,6093.669922,6093.669922,6290.160156,6093.669922,6253.549805,3279759872.0
2018-06-27,6157.129883,6157.129883,6180.0,6052.850098,6084.399902,3296219904.0
2018-06-28,5903.439941,5903.439941,6170.410156,5873.049805,6153.160156,3467800064.0
2018-06-29,6218.299805,6218.299805,6261.660156,5835.75,5898.129883,3966230016.0
2018-06-30,6404.0,6404.0,6465.509765999999,6214.220215,6214.220215,4543860224.0
2018-07-01,6385.819824,6385.819824,6432.850098,6289.290039,6411.680176,4788259840.0
2018-07-02,6614.180176,6614.180176,6683.859863000001,6305.700195,6380.379883,4396930048.0
2018-07-03,6529.589844,6529.589844,6671.370117,6447.75,6596.660156,4672309760.0
2018-07-04,6597.549805,6597.549805,6771.919922,6450.459961,6550.870117,4176689920.0
2018-07-05,6639.140136999999,6639.140136999999,6749.540039,6546.649902,6599.709961,4999240192.0
2018-07-06,6673.5,6673.5,6700.939941,6533.549805,6638.689941,4313959936.0
2018-07-07,6856.930176000001,6856.930176000001,6863.990234000001,6579.240234000001,6668.709961,3961080064.0
2018-07-08,6773.879883,6773.879883,6885.910156,6747.97998,6857.799805,3386210048.0
2018-07-09,6741.75,6741.75,6838.680176000001,6724.339844,6775.080078,3718129920.0
2018-07-10,6329.950195,6329.950195,6767.740234000001,6320.720215,6739.209961,4052430080.0
2018-07-11,6394.709961,6394.709961,6444.959961,6330.470215,6330.77002,3644859904.0
2018-07-12,6228.810059,6228.810059,6397.100098,6136.419922,6396.779785,3770170112.0
2018-07-13,6238.049805,6238.049805,6310.549805,6192.240234000001,6235.029785,3805400064.0
2018-07-14,6276.120117,6276.120117,6298.189941,6212.220215,6247.5,2923670016.0
2018-07-15,6359.640136999999,6359.640136999999,6403.459961,6256.509765999999,6272.700195,3285459968.0
2018-07-16,6741.75,6741.75,6741.75,6357.009765999999,6357.009765999999,4725799936.0
2018-07-17,7321.040039,7321.040039,7387.240234000001,6684.169922,6739.649901999999,5961950208.0
2018-07-18,7370.779785,7370.779785,7534.990234000001,7280.470215,7315.319823999999,6103410176.0
2018-07-19,7466.859863,7466.859863,7494.459961,7295.459961,7378.200195,5111629824.0
2018-07-20,7354.129883,7354.129883,7594.669922,7323.259765999999,7467.399901999999,4936869888.0
2018-07-21,7419.290039,7419.290039,7437.640137,7262.410156,7352.720215,3726609920.0
2018-07-22,7418.490234000001,7418.490234000001,7537.950195,7383.819823999999,7417.799805,3695460096.0
2018-07-23,7711.109863,7711.109863,7771.5,7409.100098000001,7414.709961,5132480000.0
2018-07-24,8424.269531,8424.269531,8424.269531,7705.5,7716.509765999999,7277689856.0
2018-07-25,8181.390137,8181.390137,8416.870117,8086.359863,8379.660156,5845400064.0
2018-07-26,7951.580078,7951.580078,8290.330078,7878.709961,8176.850098000001,4899089920.0
2018-07-27,8165.009765999999,8165.009765999999,8262.660156,7839.759765999999,7950.399901999999,5195879936.0
2018-07-28,8192.150391,8192.150391,8222.849609,8110.77002,8169.060059,3988750080.0
2018-07-29,8218.459961,8218.459961,8272.259766,8141.180176000001,8205.820313,4107190016.0
2018-07-30,8180.47998,8180.47998,8235.5,7917.5,8221.580078,5551400000.0
2018-07-31,7780.439941,7780.439941,8181.529785,7696.930176000001,8181.200195,5287530000.0
2018-08-01,7624.910156,7624.910156,7769.040039,7504.950195,7769.040039,4797620000.0
2018-08-02,7567.149901999999,7567.149901999999,7712.77002,7523.439941,7634.189941,4214110000.0
2018-08-03,7434.390137,7434.390137,7562.140137,7328.649901999999,7562.140137,4627150000.0
2018-08-04,7032.850098000001,7032.850098000001,7497.490234000001,6984.069823999999,7438.669922,4268390000.0
2018-08-05,7068.47998,7068.47998,7102.77002,6940.700195,7031.080078,3679110000.0
2018-08-06,6951.799805,6951.799805,7166.549805,6890.540039,7062.939941,3925900000.0
2018-08-07,6753.120117,6753.120117,7146.560059,6748.240234000001,6958.319823999999,4682800000.0
2018-08-08,6305.799805,6305.799805,6746.850098000001,6226.220215,6746.850098000001,5064430000.0
2018-08-09,6568.22998,6568.22998,6625.72998,6249.069824,6305.560059,4267040000.0
2018-08-10,6184.709961,6184.709961,6591.259765999999,6124.52002,6571.419922,4528680000.0
2018-08-11,6295.72998,6295.72998,6455.740234000001,6109.029785,6185.790039,4047850000.0
2018-08-12,6322.689941,6322.689941,6409.850098,6237.5,6283.649902,5665250000.0
2018-08-13,6297.569824,6297.569824,6537.049805,6225.720215,6341.359863000001,4083980000.0
2018-08-14,6199.709961,6199.709961,6287.939941,5971.049805,6287.660156,5301700000.0
2018-08-15,6308.52002,6308.52002,6588.490234000001,6221.419922,6221.419922,4895450000.0
2018-08-16,6334.72998,6334.72998,6473.5,6276.410156,6294.22998,4328420000.0
2018-08-17,6580.629883,6580.629883,6582.5,6324.970215,6340.910156,4992990000.0
2018-08-18,6423.759765999999,6423.759765999999,6617.350098,6353.72998,6583.430176,3984520000.0
2018-08-19,6506.069824,6506.069824,6537.97998,6361.549805,6422.569824,3311170000.0
2018-08-20,6308.529785,6308.529785,6536.919922,6297.930176,6500.509765999999,3665100000.0
2018-08-21,6488.759765999999,6488.759765999999,6500.870117,6298.240234000001,6301.069824,3377180000.0
2018-08-22,6376.709961,6376.709961,6816.790039,6310.109863000001,6486.25,4668110000.0
2018-08-23,6534.879883,6534.879883,6546.540039,6371.339844,6371.339844,3426180000.0
2018-08-24,6719.959961,6719.959961,6719.959961,6498.640136999999,6551.52002,4097820000.0
2018-08-25,6763.189941,6763.189941,6789.629883,6700.959961,6719.950195,3312600000.0
2018-08-26,6707.259765999999,6707.259765999999,6774.75,6620.75,6754.640137,3295500000.0
2018-08-27,6884.640137,6884.640137,6884.640137,6689.709961,6710.799805,4019000000.0
2018-08-28,7096.279785,7096.279785,7109.560059,6882.339844,6891.080078,4659940000.0
2018-08-29,7047.160156,7047.160156,7113.299805,6970.819823999999,7091.709961,4145880000.0
2018-08-30,6978.22998,6978.22998,7072.689941,6834.689941,7043.759765999999,4463250000.0
2018-08-31,7037.580078,7037.580078,7057.169922,6920.160156,6973.970215,4495650000.0
2018-09-01,7193.25,7193.25,7242.290039,7038.049805,7044.810059,4116050000.0
2018-09-02,7272.720215,7272.720215,7306.310059,7132.160156,7189.580078,4329540000.0
2018-09-03,7260.060059,7260.060059,7317.939941,7208.149901999999,7279.029785,4087760000.0
2018-09-04,7361.660156,7361.660156,7388.259765999999,7255.439941,7263.0,4273640000.0
2018-09-05,6792.830078,6792.830078,7388.430176000001,6792.830078,7361.459961,5800460000.0
2018-09-06,6529.169922,6529.169922,6755.140137,6404.720215,6755.140137,5523470000.0
2018-09-07,6467.069824,6467.069824,6555.290039,6396.870117,6528.919922,4264680000.0
2018-09-08,6225.97998,6225.97998,6534.25,6197.52002,6460.169922,3835060000.0
2018-09-09,6300.859863000001,6300.859863000001,6446.259765999999,6201.220215,6223.379883,3671890000.0
2018-09-10,6329.700195,6329.700195,6374.97998,6292.759765999999,6301.569824,3714100000.0
2018-09-11,6321.200195,6321.200195,6398.919922,6260.209961,6331.879883,3849910000.0
2018-09-12,6351.799805,6351.799805,6363.870117,6265.089844,6317.009765999999,4064230000.0
2018-09-13,6517.310059,6517.310059,6535.410156,6354.240234000001,6354.240234000001,4210910000.0
2018-09-14,6512.709961,6512.709961,6596.100098,6456.169922,6515.410156,4076220000.0
2018-09-15,6543.200195,6543.200195,6561.720215,6493.549805,6509.399902,3216300000.0
2018-09-16,6517.180176,6517.180176,6544.330078,6460.100098,6536.680176,3273730000.0
2018-09-17,6281.200195,6281.200195,6540.209961,6257.52002,6514.060059,3910780000.0
2018-09-18,6371.299805,6371.299805,6384.180176,6265.709961,6280.910156,4180090000.0
2018-09-19,6398.540039,6398.540039,6448.459961,6208.339844,6371.850098,4431340000.0
2018-09-20,6519.669922,6519.669922,6529.259765999999,6395.950195,6398.850098,4348110000.0
2018-09-21,6734.950195,6734.950195,6794.330078,6496.359863000001,6513.870117,6531940000.0
2018-09-22,6721.97998,6721.97998,6814.560059,6616.799805,6735.049805,4509660000.0
2018-09-23,6710.629883,6710.629883,6766.149901999999,6679.419922,6715.319823999999,4197500000.0
2018-09-24,6595.410156,6595.410156,6713.560059,6580.899902,6704.77002,4177310000.0
2018-09-25,6446.470215,6446.470215,6603.640136999999,6381.859863000001,6603.640136999999,4726180000.0
2018-09-26,6495.0,6495.0,6585.910156,6397.890136999999,6452.790039,4437300000.0
2018-09-27,6676.75,6676.75,6712.100098000001,6464.950195,6495.290039,4606810000.0
2018-09-28,6644.129883,6644.129883,6785.029785,6598.319824,6678.75,5014430000.0
2018-09-29,6601.959961,6601.959961,6643.100098,6511.649902,6643.100098,4363690000.0
2018-09-30,6625.560059,6625.560059,6643.779785,6566.540039,6604.709961,4002280000.0
2018-10-01,6589.620117,6589.620117,6653.299805,6549.080078,6619.850098,4000970000.0
2018-10-02,6556.100098,6556.100098,6611.839844,6537.899902,6593.240234000001,3979260000.0
2018-10-03,6502.589844,6502.589844,6571.459961,6454.029785,6553.859863000001,3887310000.0
2018-10-04,6576.689941,6576.689941,6603.310059,6497.910156,6497.910156,3838410000.0
2018-10-05,6622.47998,6622.47998,6623.620117,6557.410156,6574.149902,3671500000.0
2018-10-06,6588.310059,6588.310059,6628.540039,6577.799805,6622.450195,3259740000.0
2018-10-07,6602.950195,6602.950195,6641.490234000001,6557.040039,6590.680176,3306630000.0
2018-10-08,6652.22998,6652.22998,6675.060059,6576.040039,6600.189941,3979460000.0
2018-10-09,6642.640136999999,6642.640136999999,6661.410156,6606.939941,6653.080078,3580810000.0
2018-10-10,6585.529785,6585.529785,6640.290039,6538.959961,6640.290039,3787650000.0
2018-10-11,6256.240234000001,6256.240234000001,6586.740234000001,6243.740234000001,6586.740234000001,5181640000.0
2018-10-12,6274.580078,6274.580078,6328.5,6236.470215,6239.25,3783500000.0
2018-10-13,6285.990234000001,6285.990234000001,6308.509765999999,6259.810059,6278.080078,3064030000.0
2018-10-14,6290.930176,6290.930176,6363.209961,6280.149902,6288.490234000001,3085320000.0
2018-10-15,6596.540039,6596.540039,6965.060059,6258.680176,6292.640136999999,7370770000.0
2018-10-16,6596.109863000001,6596.109863000001,6673.589844,6571.370117,6601.410156,4074800000.0
2018-10-17,6544.430176,6544.430176,6601.209961,6517.450195,6590.52002,4088420000.0
2018-10-18,6476.709961,6476.709961,6567.540039,6450.040039,6542.330078,3924080000.0
2018-10-19,6465.410156,6465.410156,6493.680176,6445.310059,6478.069824,3578870000.0
2018-10-20,6489.189941,6489.189941,6497.720215,6449.0,6460.919922,3379130000.0
2018-10-21,6482.350098,6482.350098,6556.379883,6476.0,6490.089844,3253610000.0
2018-10-22,6487.160156,6487.160156,6543.799805,6462.97998,6486.049805,3672860000.0
2018-10-23,6475.740234000001,6475.740234000001,6506.009765999999,6451.27002,6472.359863000001,3716150000.0
2018-10-24,6495.839844,6495.839844,6521.990234000001,6468.859863000001,6478.890136999999,3424670000.0
2018-10-25,6476.290039,6476.290039,6504.649902,6447.029785,6484.649902,3230550000.0
2018-10-26,6474.75,6474.75,6498.290039,6449.609863000001,6468.439941,3306050000.0
2018-10-27,6480.379883,6480.379883,6507.410156,6453.529785,6480.839844,3393250000.0
2018-10-28,6486.390136999999,6486.390136999999,6502.279785,6447.910156,6482.660156,3445190000.0
2018-10-29,6332.629883,6332.629883,6503.600098,6306.990234000001,6492.350098,4199910000.0
2018-10-30,6334.27002,6334.27002,6364.990234000001,6310.140136999999,6337.040039,3781100000.0
2018-10-31,6317.609863000001,6317.609863000001,6349.160156,6316.879883,6336.990234000001,4191240000.0
2018-11-01,6377.779785,6377.779785,6547.140136999999,6311.830078,6318.140136999999,3789400000.0
2018-11-02,6388.439941,6388.439941,6396.859863000001,6327.379883,6378.919922,4234870000.0
2018-11-03,6361.259765999999,6361.259765999999,6400.069824,6342.370117,6387.240234000001,3658640000.0
2018-11-04,6376.129883,6376.129883,6388.629883,6294.569824,6365.470215,4390020000.0
2018-11-05,6419.660156,6419.660156,6480.589844,6363.620117,6363.620117,4174800000.0
2018-11-06,6461.009765999999,6461.009765999999,6463.549805,6408.160156,6433.379883,4700040000.0
2018-11-07,6530.140136999999,6530.140136999999,6552.160156,6468.310059,6468.5,4941260000.0
2018-11-08,6453.720215,6453.720215,6536.919922,6438.529785,6522.27002,4665260000.0
2018-11-09,6385.620117,6385.620117,6456.459961,6373.370117,6442.600098,4346820000.0
2018-11-10,6409.220215,6409.220215,6437.279785,6385.310059,6386.129883,3705320000.0
2018-11-11,6411.27002,6411.27002,6423.25,6350.169922,6413.629883,3939060000.0
2018-11-12,6371.27002,6371.27002,6434.209961,6360.470215,6411.759765999999,4295770000.0
2018-11-13,6359.490234000001,6359.490234000001,6395.27002,6342.669922,6373.189941,4503800000.0
2018-11-14,5738.350098,5738.350098,6371.549805,5544.089844,6351.240234000001,7398940000.0
2018-11-15,5648.029785,5648.029785,5774.819824,5358.379883,5736.149902,7032140000.0
2018-11-16,5575.549805,5575.549805,5657.02002,5498.939941,5645.319824,5279320000.0
2018-11-17,5554.330078,5554.330078,5578.580078,5519.560059,5578.580078,4303150000.0
2018-11-18,5623.540039,5623.540039,5653.609863000001,5559.740234000001,5559.740234000001,4159680000.0
2018-11-19,4871.490234000001,4871.490234000001,5620.779785,4842.910156,5620.779785,7039560000.0
2018-11-20,4451.870117,4451.870117,4951.609863000001,4272.109863000001,4863.930176,8428290000.0
2018-11-21,4602.169922,4602.169922,4675.72998,4343.97998,4465.540039,6120120000.0
2018-11-22,4365.939941,4365.939941,4629.640136999999,4365.640136999999,4611.569824,4569370000.0
2018-11-23,4347.109863000001,4347.109863000001,4396.419922,4195.680176,4360.700195,4871490000.0
2018-11-24,3880.76001,3880.76001,4413.089844,3795.1599119999996,4347.689941,4679500000.0
2018-11-25,4009.969971,4009.969971,4120.870117,3585.0600590000004,3880.780029,6825640000.0
2018-11-26,3779.1298829999996,3779.1298829999996,4107.140136999999,3643.919922,4015.070068,6476900000.0
2018-11-27,3820.719971,3820.719971,3862.959961,3661.01001,3765.9499509999996,5998720000.0
2018-11-28,4257.419922,4257.419922,4385.899902,3822.469971,3822.469971,7280280000.0
2018-11-29,4278.84668,4278.84668,4413.020508,4145.765136999999,4269.004395,6503347767.0
2018-11-30,4017.2685549999997,4017.2685549999997,4322.976563,3942.822021,4289.088867,6048016717.0
2018-12-01,4214.671875,4214.671875,4309.377441,3969.710693,4024.4643549999996,5375314093.0
2018-12-02,4139.87793,4139.87793,4301.519531,4110.978515999999,4200.733397999999,5262697895.0
2018-12-03,3894.1308590000003,3894.1308590000003,4155.979492,3840.446289,4147.32373,5089570994.0
2018-12-04,3956.8937990000004,3956.8937990000004,4075.627686,3832.75,3886.294922,5028069239.0
2018-12-05,3753.9948729999996,3753.9948729999996,3969.535889,3753.9948729999996,3958.894775,5302481574.0
2018-12-06,3521.101807,3521.101807,3874.966064,3521.101807,3754.0744630000004,5878333109.0
2018-12-07,3419.937256,3419.937256,3512.590332,3280.22876,3512.590332,6835615448.0
2018-12-08,3476.114746,3476.114746,3506.043457,3350.650635,3421.9104,5305024497.0
2018-12-09,3614.234375,3614.234375,3685.305664,3469.094238,3473.227539,4947372847.0
2018-12-10,3502.656006,3502.656006,3647.3325200000004,3470.1445310000004,3612.046387,5020968740.0
2018-12-11,3424.588135,3424.588135,3513.1850590000004,3392.25,3497.554688,4696765188.0
2018-12-12,3486.9501950000003,3486.9501950000003,3534.2285159999997,3413.4814450000003,3421.4582520000004,4139364829.0
2018-12-13,3313.677246,3313.677246,3489.7395020000004,3298.13208,3487.8793950000004,4343372456.0
2018-12-14,3242.4848629999997,3242.4848629999997,3329.555908,3206.542236,3311.751953,4372763663.0
2018-12-15,3236.761719,3236.761719,3275.37793,3191.303467,3243.997559,3551763561.0
2018-12-16,3252.839111,3252.839111,3305.753174,3233.8198239999997,3236.274658,3744248994.0
2018-12-17,3545.864746,3545.864746,3597.9179689999996,3253.123047,3253.123047,5409247918.0
2018-12-18,3696.059082,3696.059082,3701.349365,3487.169189,3544.761475,5911325473.0
2018-12-19,3745.9506840000004,3745.9506840000004,3949.3229979999996,3687.2299799999996,3706.8249509999996,6810689119.0
2018-12-20,4134.441406,4134.441406,4191.228515999999,3728.9746090000003,3742.195068,8927129279.0
2018-12-21,3896.5437009999996,3896.5437009999996,4198.429688,3850.946289,4133.703613000001,7206015706.0
2018-12-22,4014.1826170000004,4014.1826170000004,4014.1826170000004,3855.739014,3898.08374,5605823233.0
2018-12-23,3998.980225,3998.980225,4085.7236329999996,3976.405762,4020.994629,6151275490.0
2018-12-24,4078.599121,4078.599121,4271.79248,4000.3317869999996,4000.3317869999996,7240968501.0
2018-12-25,3815.490723,3815.490723,4089.561523,3760.0205079999996,4081.030518,6158207293.0
2018-12-26,3857.297607,3857.297607,3893.359619,3769.8637700000004,3819.6667479999996,5326547918.0
2018-12-27,3654.833496,3654.833496,3874.4169920000004,3645.448486,3854.688477,5130222366.0
2018-12-28,3923.9187009999996,3923.9187009999996,3956.135986,3642.63208,3653.131836,5631554348.0
2018-12-29,3820.4086909999996,3820.4086909999996,3963.758789,3820.4086909999996,3932.491699,4991655917.0
2018-12-30,3865.952637,3865.952637,3901.908936,3797.219238,3822.3847659999997,4770578575.0
2018-12-31,3742.700439,3742.700439,3868.74292,3725.867432,3866.839111,4661840806.0
2019-01-01,3843.5200200000004,3843.5200200000004,3850.913818,3707.2312009999996,3746.713379,4324200990.0
2019-01-02,3943.4094240000004,3943.4094240000004,3947.9812009999996,3817.4094240000004,3849.2163090000004,5244856836.0
2019-01-03,3836.741211,3836.741211,3935.6850590000004,3826.2229,3931.0485840000006,4530215219.0
2019-01-04,3857.717529,3857.717529,3865.9345700000003,3783.85376,3832.040039,4847965467.0
2019-01-05,3845.19458,3845.19458,3904.9030759999996,3836.900146,3851.9738770000004,5137609824.0
2019-01-06,4076.632568,4076.632568,4093.297363,3826.5131840000004,3836.519043,5597027440.0
2019-01-07,4025.2482909999994,4025.2482909999994,4092.613525,4020.894043,4078.584961,5228625637.0
2019-01-08,4030.8479,4030.8479,4109.020996,3996.955322,4028.472168,5306593305.0
2019-01-09,4035.296387,4035.296387,4068.403564,4022.662842,4031.5520020000004,5115905225.0
2019-01-10,3678.924561,3678.924561,4064.06665,3659.174561,4034.4113770000004,6874143796.0
2019-01-11,3687.365479,3687.365479,3713.881836,3653.069824,3674.015381,5538712865.0
2019-01-12,3661.301025,3661.301025,3698.978271,3653.8107909999994,3686.9731450000004,4778170883.0
2019-01-13,3552.953125,3552.953125,3674.76001,3544.927246,3658.868164,4681302466.0
2019-01-14,3706.052246,3706.052246,3727.836182,3552.2851560000004,3557.311035,5651384490.0
2019-01-15,3630.675293,3630.675293,3720.1533200000003,3619.9492189999996,3704.2163090000004,5537192302.0
2019-01-16,3655.006836,3655.006836,3685.7771,3624.67334,3631.5097659999997,5394457145.0
2019-01-17,3678.563965,3678.563965,3680.135986,3621.960938,3651.8710939999996,5464420383.0
2019-01-18,3657.8393549999996,3657.8393549999996,3682.5200200000004,3637.080811,3677.990479,5002961727.0
2019-01-19,3728.5683590000003,3728.5683590000003,3758.533447,3652.3779299999997,3652.3779299999997,5955691380.0
2019-01-20,3601.013672,3601.013672,3743.387939,3583.0195310000004,3725.446045,5582489560.0
2019-01-21,3576.032471,3576.032471,3608.8408200000003,3558.5371090000003,3600.372803,5004347059.0
2019-01-22,3604.577148,3604.577148,3620.746582,3539.721436,3575.0812990000004,5313623556.0
2019-01-23,3585.123047,3585.123047,3623.067871,3565.313965,3605.557129,5433755649.0
2019-01-24,3600.865479,3600.865479,3616.087402,3569.092773,3584.500244,5262869046.0
2019-01-25,3599.765869,3599.765869,3612.9277340000003,3575.5974119999996,3607.390381,5265847539.0
2019-01-26,3602.460449,3602.460449,3654.9331049999996,3593.345947,3599.715332,5098183235.0
2019-01-27,3583.9658200000003,3583.9658200000003,3612.671387,3567.24585,3604.687256,5570752966.0
2019-01-28,3470.450439,3470.450439,3586.750977,3439.23291,3584.283203,6908930483.0
2019-01-29,3448.116943,3448.116943,3476.0654299999997,3400.819824,3468.8701170000004,5897159493.0
2019-01-30,3486.1816409999997,3486.1816409999997,3495.1748049999997,3429.387939,3443.896973,5955112627.0
2019-01-31,3457.792725,3457.792725,3504.804932,3447.915771,3485.4091799999997,5831198271.0
2019-02-01,3487.945313,3487.945313,3501.954102,3431.591553,3460.547119,5422926707.0
2019-02-02,3521.0607909999994,3521.0607909999994,3523.287354,3467.574707,3484.625977,5071623601.0
2019-02-03,3464.013428,3464.013428,3521.3881840000004,3447.9243159999996,3516.139648,5043937584.0
2019-02-04,3459.154053,3459.154053,3476.2238770000004,3442.586914,3467.21167,5332718886.0
2019-02-05,3466.357422,3466.357422,3478.148193,3451.937012,3454.950928,5227549545.0
2019-02-06,3413.767822,3413.767822,3469.091797,3398.5654299999997,3469.091797,5482196038.0
2019-02-07,3399.4716799999997,3399.4716799999997,3427.945557,3394.218506,3414.929443,5004962683.0
2019-02-08,3666.780273,3666.780273,3695.614014,3391.023682,3401.376465,7735623101.0
2019-02-09,3671.203613,3671.203613,3679.9414060000004,3646.5593259999996,3671.585938,6158833645.0
2019-02-10,3690.188232,3690.188232,3695.0361329999996,3640.9799799999996,3673.2014159999994,6282256903.0
2019-02-11,3648.430664,3648.430664,3695.6130369999996,3642.287842,3695.6130369999996,6277056434.0
2019-02-12,3653.528564,3653.528564,3668.586914,3618.556885,3642.751953,6480384532.0
2019-02-13,3632.070557,3632.070557,3669.746582,3617.2463380000004,3653.604004,6438903823.0
2019-02-14,3616.8808590000003,3616.8808590000003,3646.256592,3607.697754,3631.1701659999994,6271044418.0
2019-02-15,3620.8107909999994,3620.8107909999994,3647.7951659999994,3608.206543,3617.368408,6091952231.0
2019-02-16,3629.787598,3629.787598,3652.8413090000004,3615.270264,3615.270264,5934744052.0
2019-02-17,3673.836182,3673.836182,3680.537354,3619.182129,3633.359375,7039512503.0
2019-02-18,3915.7143549999996,3915.7143549999996,3936.665039,3669.982422,3671.3698729999996,9908216640.0
2019-02-19,3947.094482,3947.094482,4010.8793950000004,3908.1530759999996,3911.661621,9933626655.0
2019-02-20,3999.820557,3999.820557,4000.486328,3926.2468259999996,3946.6850590000004,8693373948.0
2019-02-21,3954.118164,3954.118164,4010.009521,3940.108154,4000.256836,7775128102.0
2019-02-22,4005.526611,4005.526611,4006.53833,3950.8164060000004,3952.406494,7826525254.0
2019-02-23,4142.526855,4142.526855,4166.286133,3968.726807,3998.91626,8922258316.0
2019-02-24,3810.42749,3810.42749,4210.641602000001,3793.7089840000003,4145.458008,10794227451.0
2019-02-25,3882.696289,3882.696289,3913.707275,3807.0024409999996,3807.0024409999996,9318796067.0
2019-02-26,3854.35791,3854.35791,3891.578857,3837.986328,3878.6972659999997,7931218996.0
2019-02-27,3851.047363,3851.047363,3888.80249,3787.0588380000004,3857.479736,8301309684.0
2019-02-28,3854.7854,3854.7854,3906.05835,3845.821289,3848.2619630000004,8399767798.0
2019-03-01,3859.58374,3859.58374,3907.79541,3851.6923829999996,3853.75708,7661247975.0
2019-03-02,3864.415039,3864.415039,3874.607422,3832.1279299999997,3855.318115,7578786076.0
2019-03-03,3847.1757810000004,3847.1757810000004,3875.483643,3836.905762,3862.266113,7253558152.0
2019-03-04,3761.557129,3761.557129,3867.381836,3733.749756,3845.091553,9029175788.0
2019-03-05,3896.375,3896.375,3903.9167479999996,3745.1831049999996,3759.8325200000004,10174126415.0
2019-03-06,3903.9426270000004,3903.9426270000004,3919.5104979999996,3871.460693,3897.0810549999997,9175291529.0
2019-03-07,3911.484375,3911.484375,3939.3732909999994,3894.1130369999996,3903.3847659999997,9584165519.0
2019-03-08,3901.131592,3901.131592,3950.432129,3875.2285159999997,3913.22583,10638638944.0
2019-03-09,3963.313721,3963.313721,3987.237793,3892.390381,3894.55249,10796103518.0
2019-03-10,3951.599854,3951.599854,3966.1743159999996,3924.381104,3966.1743159999996,9713267607.0
2019-03-11,3905.227295,3905.227295,3966.3847659999997,3889.239014,3953.7402340000003,10125901903.0
2019-03-12,3909.15625,3909.15625,3926.88916,3863.559082,3903.758301,9809887079.0
2019-03-13,3906.717285,3906.717285,3926.5976560000004,3891.904297,3913.047363,9469184841.0
2019-03-14,3924.3691409999997,3924.3691409999997,3946.5043950000004,3901.296875,3905.576904,10480789570.0
2019-03-15,3960.9111329999996,3960.9111329999996,3968.5429689999996,3914.015381,3926.66333,9394210605.0
2019-03-16,4048.72583,4048.72583,4077.0363770000004,3961.657471,3963.900146,9856166973.0
2019-03-17,4025.229004,4025.229004,4054.1220700000003,4006.4111329999996,4047.719482,8221625400.0
2019-03-18,4032.507324,4032.507324,4071.5566409999997,4009.117188,4029.968506,9646954186.0
2019-03-19,4071.190186,4071.190186,4082.216064,4023.8125,4032.6918950000004,9344919956.0
2019-03-20,4087.476318,4087.476318,4089.461914,4031.11084,4070.7939450000003,10175916388.0
2019-03-21,4029.326904,4029.326904,4097.359863000001,4005.1513670000004,4083.953857,10831212662.0
2019-03-22,4023.968262,4023.968262,4053.906738,4021.5424799999996,4028.514648,9252935969.0
2019-03-23,4035.8264159999994,4035.8264159999994,4049.882568,4015.9646,4022.713379,9578850549.0
2019-03-24,4022.1682130000004,4022.1682130000004,4040.699707,4006.192871,4035.163574,9144851065.0
2019-03-25,3963.070557,3963.070557,4038.8408200000003,3934.03125,4024.112793,10359818883.0
2019-03-26,3985.080811,3985.080811,3985.080811,3944.7531740000004,3969.22876,10707678815.0
2019-03-27,4087.0661619999996,4087.0661619999996,4087.0661619999996,3977.810547,3984.2448729999996,10897131934.0
2019-03-28,4069.107178,4069.107178,4094.9021,4040.266357,4087.584473,9353915899.0
2019-03-29,4098.374511999999,4098.374511999999,4113.500977000001,4034.097168,4068.2998049999997,10918665557.0
2019-03-30,4106.660156,4106.660156,4296.806640999999,4053.909668,4092.1362299999996,9732688060.0
2019-03-31,4105.404297,4105.404297,4113.023438,4094.10083,4105.456055,9045122443.0
2019-04-01,4158.183105,4158.183105,4164.953125,4096.901367,4105.362305,10157794171.0
2019-04-02,4879.87793,4879.87793,4905.95459,4155.316895,4156.919434,21315047816.0
2019-04-03,4973.021973,4973.021973,5307.003418,4876.621094,4879.958008,22899891582.0
2019-04-04,4922.798828,4922.798828,5063.159668,4836.793945,4971.307617,18251810240.0
2019-04-05,5036.681152,5036.681152,5053.509765999999,4919.491699,4922.806152,16837325387.0
2019-04-06,5059.817383,5059.817383,5205.821777,4992.222168,5036.792969,16929795194.0
2019-04-07,5198.896973,5198.896973,5235.186522999999,5050.412109000001,5062.793945,16655416140.0
2019-04-08,5289.770996,5289.770996,5318.836426,5148.211914,5199.835449,17154113634.0
2019-04-09,5204.958496,5204.958496,5289.917969,5167.418945,5289.917969,14722104361.0
2019-04-10,5324.551758,5324.551758,5421.651367,5193.382324,5204.105469,15504590933.0
2019-04-11,5064.487793,5064.487793,5354.225586,5017.296386999999,5325.081543,16555616019.0
2019-04-12,5089.539063,5089.539063,5103.274414,4955.852539,5061.200684,13675206312.0
2019-04-13,5096.586426,5096.586426,5127.12207,5061.589355,5088.850098,10823289598.0
2019-04-14,5167.722168,5167.722168,5184.016113000001,5053.568359000001,5095.758789,10391952498.0
2019-04-15,5067.108397999999,5067.108397999999,5196.606934,5024.069336,5167.321777,12290155061.0
2019-04-16,5235.55957,5235.55957,5238.945313,5055.194824,5066.577636999999,11618660197.0
2019-04-17,5251.937988000001,5251.937988000001,5274.275390999999,5219.205566,5236.135254,12438480677.0
2019-04-18,5298.385742,5298.385742,5319.986328,5250.506836,5251.480469,13256489918.0
2019-04-19,5303.8125,5303.8125,5336.680176,5233.334961,5298.154297,13780238655.0
2019-04-20,5337.88623,5337.88623,5358.490723,5295.87793,5304.160645,13169647522.0
2019-04-21,5314.53125,5314.53125,5359.924805,5257.339355,5335.878906,13731844223.0
2019-04-22,5399.365234000001,5399.365234000001,5422.6875,5280.276855,5312.494629,14601631648.0
2019-04-23,5572.362305,5572.362305,5633.802246,5389.408691,5399.365723,15867308108.0
2019-04-24,5464.866699,5464.866699,5642.044434,5418.263184,5571.508301,17048033399.0
2019-04-25,5210.515625,5210.515625,5542.238281,5181.338867,5466.524414,15330283408.0
2019-04-26,5279.348145,5279.348145,5383.634277,5177.368652,5210.304688,16812108040.0
2019-04-27,5268.291015999999,5268.291015999999,5310.75,5233.635742,5279.471191,13111274675.0
2019-04-28,5285.13916,5285.13916,5326.231934,5255.683594,5271.746582,12819992056.0
2019-04-29,5247.352539,5247.352539,5311.274902,5216.487793,5284.858397999999,13735490672.0
2019-04-30,5350.726563,5350.726563,5363.257324,5224.189941,5247.726074,13878964574.0
2019-05-01,5402.697265999999,5402.697265999999,5418.003906,5347.645996,5350.914551,13679528236.0
2019-05-02,5505.283691,5505.283691,5522.262695,5394.217285,5402.422852000001,14644460907.0
2019-05-03,5768.289551,5768.289551,5865.881836,5490.20166,5505.552246,18720780006.0
2019-05-04,5831.16748,5831.16748,5886.893555,5645.469238000001,5769.202636999999,17567780766.0
2019-05-05,5795.708496,5795.708496,5833.862793,5708.035156,5831.068359000001,14808830723.0
2019-05-06,5746.807129,5746.807129,5802.95752,5653.6875,5791.693359000001,15737171804.0
2019-05-07,5829.501465,5829.501465,5988.178223,5741.395996,5745.599121,18026409033.0
2019-05-08,5982.45752,5982.45752,5989.980957,5794.71582,5849.481445,15320605300.0
2019-05-09,6174.528809,6174.528809,6183.039063,5982.316406,5982.316406,16784645411.0
2019-05-10,6378.849121,6378.849121,6434.617676,6161.519043,6175.822754,19419875368.0
2019-05-11,7204.771484000001,7204.771484000001,7333.00293,6375.69873,6379.666992,28867562329.0
2019-05-12,6972.371581999999,6972.371581999999,7503.87207,6815.770995999999,7203.507323999999,27773333680.0
2019-05-13,7814.915039,7814.915039,8047.413086,6898.282227,6971.178223000001,28677672181.0
2019-05-14,7994.416015999999,7994.416015999999,8268.712891,7696.391113,7807.884276999999,32031452227.0
2019-05-15,8205.167969,8205.167969,8216.423828,7899.106934,7989.374512,28344112920.0
2019-05-16,7884.90918,7884.90918,8320.824219,7729.608398,8194.500977,33167197581.0
2019-05-17,7343.895508,7343.895508,7929.145508,7038.124512,7886.925781,30066644905.0
2019-05-18,7271.208008,7271.208008,7447.271973000001,7251.504395,7341.664551000001,21354286562.0
2019-05-19,8197.689453,8197.689453,8261.941406,7267.962890999999,7267.962890999999,25902422040.0
2019-05-20,7978.309081999999,7978.309081999999,8200.967773,7678.781738,8196.923828,23843404340.0
2019-05-21,7963.327637,7963.327637,8062.167969,7843.339844,7977.969238,25127245056.0
2019-05-22,7680.066406,7680.066406,7997.612305,7615.987305,7956.291992,24719473175.0
2019-05-23,7881.84668,7881.84668,7943.791504000001,7533.196776999999,7677.269043000001,24457107820.0
2019-05-24,7987.371581999999,7987.371581999999,8140.719727,7824.44873,7881.695312999999,25919126991.0
2019-05-25,8052.543945,8052.543945,8117.925781,7965.976073999999,7991.885254000001,22256813107.0
2019-05-26,8673.21582,8673.21582,8687.520508,7924.67041,8055.206055,26677970091.0
2019-05-27,8805.77832,8805.77832,8907.174805,8668.705078,8674.072266,27949839564.0
2019-05-28,8719.961914,8719.961914,8807.016602,8634.72168,8802.757813,24226919267.0
2019-05-29,8659.487305,8659.487305,8755.852539,8482.728516,8718.591797,23473479966.0
2019-05-30,8319.472656,8319.472656,9008.314453,8221.273438,8661.760742,29246528551.0
2019-05-31,8574.501953,8574.501953,8586.65918,8172.550781,8320.286133,25365190957.0
2019-06-01,8564.016602,8564.016602,8625.600586,8481.578125,8573.839844,22488303544.0
2019-06-02,8742.958008,8742.958008,8809.303711,8561.235352,8565.473633,20266216022.0
2019-06-03,8208.995117,8208.995117,8743.5,8204.185547,8741.74707,22004511436.0
2019-06-04,7707.770995999999,7707.770995999999,8210.985352,7564.48877,8210.985352,24609731549.0
2019-06-05,7824.231445,7824.231445,7901.849120999999,7668.668456999999,7704.343262,21760923463.0
2019-06-06,7822.023437999999,7822.023437999999,7937.34082,7571.471191,7819.633301000001,19474611077.0
2019-06-07,8043.951172,8043.951172,8126.15332,7788.373535,7826.901367,19141423231.0
2019-06-08,7954.12793,7954.12793,8076.891113,7837.61084,8036.774901999999,16522722810.0
2019-06-09,7688.077148,7688.077148,7975.974120999999,7583.219727,7949.674805,16610726547.0
2019-06-10,8000.32959,8000.32959,8031.909668000001,7586.730956999999,7692.284668000001,18689275117.0
2019-06-11,7927.714355,7927.714355,8026.394043000001,7772.803711,8004.243651999999,17107279932.0
2019-06-12,8145.857422,8145.857422,8196.648438,7862.359863,7925.434081999999,19034432883.0
2019-06-13,8230.923828,8230.923828,8311.567383,8087.061035,8145.54541,18669407147.0
2019-06-14,8693.833008,8693.833008,8710.636719,8183.393066,8230.898438,19831162906.0
2019-06-15,8838.375,8838.375,8859.12793,8618.395508,8689.746094,18371033226.0
2019-06-16,8994.488281,8994.488281,9335.867188,8814.556641,8841.44043,23348550311.0
2019-06-17,9320.352539,9320.352539,9416.407227,8988.923828,8988.923828,15562951919.0
2019-06-18,9081.762695,9081.762695,9348.374023,9004.901367,9335.466797,15848210536.0
2019-06-19,9273.521484,9273.521484,9299.621094,9070.395508,9078.727539,15546809946.0
2019-06-20,9527.160156,9527.160156,9594.419922,9232.484375,9273.060547,17846823784.0
2019-06-21,10144.556641,10144.556641,10144.556641,9525.074219,9525.074219,20624008643.0
2019-06-22,10701.691406,10701.691406,11157.345703,10107.035156,10175.923828,29995204861.0
2019-06-23,10855.371094,10855.371094,11246.144531,10556.095703,10696.691406,20998326502.0
2019-06-24,11011.102539,11011.102539,11065.896484,10610.427734,10853.744141,19271652365.0
2019-06-25,11790.916992,11790.916992,11790.916992,11007.202148,11007.202148,24879684533.0
2019-06-26,13016.231445,13016.231445,13796.489258000001,11755.597656,11778.581055,45105733173.0
2019-06-27,11182.806641,11182.806641,13311.144531,10491.852539,13017.125,39977475223.0
2019-06-28,12407.332031,12407.332031,12445.174805,10914.495117,11162.167969,35087757766.0
2019-06-29,11959.371094,11959.371094,12400.910156,11508.378906,12400.763672,29923961128.0
2019-06-30,10817.155273,10817.155273,12178.383789,10799.008789,11931.991211,27256473494.0
2019-07-01,10583.134766,10583.134766,11206.439453,10089.314453,10796.930664,29378589324.0
2019-07-02,10801.677734,10801.677734,10912.188477,9737.884766,10588.683594,31015895223.0
2019-07-03,11961.269531,11961.269531,11968.078125,10818.15625,10818.15625,30796494294.0
2019-07-04,11215.4375,11215.4375,12006.075195,11166.569336,11972.71875,25920294033.0
2019-07-05,10978.459961,10978.459961,11395.661133,10874.964844,11203.102539,23838480210.0
2019-07-06,11208.550781,11208.550781,11620.964844,10982.543945,10982.543945,21092024306.0
2019-07-07,11450.84668,11450.84668,11541.620117,11148.804688,11217.616211,19369044277.0
2019-07-08,12285.958008,12285.958008,12345.833008,11393.374023,11446.59668,23482551458.0
2019-07-09,12573.8125,12573.8125,12779.131836,12233.261719,12284.326172,28167921523.0
2019-07-10,12156.512695,12156.512695,13129.529297,11710.978516,12571.537109,33627574244.0
2019-07-11,11358.662109,11358.662109,12144.623047,11158.922852,12139.713867,28595327690.0
2019-07-12,11815.986328,11815.986328,11905.487305,11179.144531,11354.299805,23534692797.0
2019-07-13,11392.378906,11392.378906,11841.957031,10908.479492,11813.126953,21042616384.0
2019-07-14,10256.058594,10256.058594,11451.204102,10234.576172,11381.020508,22486000001.0
2019-07-15,10895.089844,10895.089844,11052.766602,9992.006836,10257.838867,25384047207.0
2019-07-16,9477.641602,9477.641602,10996.632813,9448.106445,10896.65332,24151199070.0
2019-07-17,9693.802734,9693.802734,9963.134766,9163.134766,9471.213867,24569921549.0
2019-07-18,10666.482422,10666.482422,10736.842773,9376.798828,9698.50293,25187024648.0
2019-07-19,10530.732422,10530.732422,10716.980469,10229.628906,10653.956055,20727426310.0
2019-07-20,10767.139648,10767.139648,11048.662109,10451.276367,10525.819336,20206615155.0
2019-07-21,10599.105469,10599.105469,10841.887695,10389.599609,10777.529297,17130580467.0
2019-07-22,10343.106445,10343.106445,10651.791016,10154.921875,10596.948242,16334414913.0
2019-07-23,9900.767578,9900.767578,10346.748047,9883.594727,10346.748047,17851916995.0
2019-07-24,9811.925781,9811.925781,9908.796875,9614.306641,9887.730469,17398734322.0
2019-07-25,9911.841797,9911.841797,10154.253906,9773.957031,9809.09668,15821952090.0
2019-07-26,9870.303711,9870.303711,9916.517578,9717.982422,9913.126953,14495714483.0
2019-07-27,9477.677734,9477.677734,10167.320313,9411.521484,9871.165039,16817809536.0
2019-07-28,9552.860352,9552.860352,9575.544922,9252.296875,9491.626953,13738687093.0
2019-07-29,9519.145508,9519.145508,9681.648438,9472.948242,9548.178711,13791445323.0
2019-07-30,9607.423828,9607.423828,9701.759766,9437.335938,9522.329102,13829811132.0
2019-07-31,10085.62793,10085.62793,10085.62793,9598.097656,9604.050781,16631520648.0
2019-08-01,10399.668945,10399.668945,10446.919922,9922.019531,10077.442383,17165337858.0
2019-08-02,10518.174805,10518.174805,10657.953125,10371.013672,10402.042969,17489094082.0
2019-08-03,10821.726563,10821.726563,10946.78125,10503.504883,10519.27832,15352685061.0
2019-08-04,10970.18457,10970.18457,11009.207031,10620.27832,10821.632813,16530894787.0
2019-08-05,11805.65332,11805.65332,11895.091797,10960.735352,10960.735352,23875988832.0
2019-08-06,11478.168945,11478.168945,12273.821289,11290.731445,11811.544922,23635107660.0
2019-08-07,11941.96875,11941.96875,12036.990234,11433.701172,11476.193359,22194988641.0
2019-08-08,11966.407227,11966.407227,11979.419922,11556.167969,11954.040039,19481591730.0
2019-08-09,11862.936523,11862.936523,11970.458008,11709.745117,11953.469727,18339989960.0
2019-08-10,11354.024414,11354.024414,11915.655273,11323.898438,11861.556641,18125355447.0
2019-08-11,11523.579102,11523.579102,11523.579102,11248.294922,11349.740234,15774371518.0
2019-08-12,11382.616211,11382.616211,11528.189453,11320.951172,11528.189453,13647198229.0
2019-08-13,10895.830078,10895.830078,11420.049805,10830.327148,11385.052734,16681503537.0
2019-08-14,10051.704102,10051.704102,10889.556641,10028.135742,10889.487305,19990838300.0
2019-08-15,10311.545898,10311.545898,10437.411133,9675.316406,10038.421875,22899115082.0
2019-08-16,10374.338867,10374.338867,10524.349609,9855.478516,10319.419922,20228207096.0
2019-08-17,10231.744141,10231.744141,10452.625,10086.698242,10358.722656,13778035685.0
2019-08-18,10345.810547,10345.810547,10487.070313,10119.094727,10233.005859,12999813869.0
2019-08-19,10916.053711,10916.053711,10916.053711,10313.204102,10350.283203,16038264603.0
2019-08-20,10763.232422,10763.232422,10947.041992,10618.960938,10916.34668,15053082175.0
2019-08-21,10138.049805,10138.049805,10798.729492,9962.72168,10764.572266,19473084768.0
2019-08-22,10131.055664,10131.055664,10232.996094,9831.462891,10142.521484,17097508856.0
2019-08-23,10407.964844,10407.964844,10442.443359,10078.192383,10136.30957,15627023886.0
2019-08-24,10159.960938,10159.960938,10418.020508,9982.296875,10407.644531,15451030650.0
2019-08-25,10138.517578,10138.517578,10304.62207,10008.789063,10160.737305,14153856610.0
2019-08-26,10370.820313,10370.820313,10512.328125,10126.299805,10126.299805,18438654080.0
2019-08-27,10185.5,10185.5,10381.328125,10087.300781,10372.826172,14762609503.0
2019-08-28,9754.422852,9754.422852,10279.366211,9716.65625,10203.426758,17603790323.0
2019-08-29,9510.200195,9510.200195,9756.786133,9421.629883,9756.786133,17045878501.0
2019-08-30,9598.173828,9598.173828,9656.124023,9428.302734,9514.844727,13595263986.0
2019-08-31,9630.664063,9630.664063,9673.220703,9531.799805,9597.539063,11454806419.0
2019-09-01,9757.970703,9757.970703,9796.755859,9582.944336,9630.592773,11445355859.0
2019-09-02,10346.760742,10346.760742,10396.591797,9730.650391,9757.473633,17248102294.0
2019-09-03,10623.540039,10623.540039,10736.104492,10308.547852,10345.725586,19384917989.0
2019-09-04,10594.493164,10594.493164,10762.644531,10434.709961,10621.180664,16742664769.0
2019-09-05,10575.533203,10575.533203,10627.269531,10516.417969,10588.183594,14551239508.0
2019-09-06,10353.302734,10353.302734,10898.761719,10292.299805,10578.198242,19536574783.0
2019-09-07,10517.254883,10517.254883,10558.673828,10348.918945,10353.931641,15307366476.0
2019-09-08,10441.276367,10441.276367,10595.637695,10409.09082,10518.114258,13670567493.0
2019-09-09,10334.974609,10334.974609,10450.311523,10144.929688,10443.228516,17595943368.0
2019-09-10,10115.975586,10115.975586,10394.353516,10020.573242,10336.408203,14906809639.0
2019-09-11,10178.37207,10178.37207,10215.948242,9980.776367,10123.035156,15428063426.0
2019-09-12,10410.126953,10410.126953,10442.253906,10099.242188,10176.819336,15323563925.0
2019-09-13,10360.546875,10360.546875,10441.489258,10226.59668,10415.362305,14109864675.0
2019-09-14,10358.048828,10358.048828,10422.133789,10291.694336,10345.40332,13468713124.0
2019-09-15,10347.712891,10347.712891,10387.035156,10313.092773,10356.46582,12043433567.0
2019-09-16,10276.793945,10276.793945,10386.867188,10189.744141,10347.222656,15160167779.0
2019-09-17,10241.272461,10241.272461,10296.771484,10199.739258,10281.513672,15304603363.0
2019-09-18,10198.248047,10198.248047,10275.928711,10191.469727,10247.795898,16169268880.0
2019-09-19,10266.415039,10266.415039,10295.668945,9851.692383,10200.496094,19937691247.0
2019-09-20,10181.641602,10181.641602,10285.87207,10132.186523,10266.318359,14734189639.0
2019-09-21,10019.716797,10019.716797,10188.097656,10000.708008,10183.648438,13425266806.0
2019-09-22,10070.392578,10070.392578,10074.444336,9922.533203,10024.115234,13199651698.0
2019-09-23,9729.324219,9729.324219,10074.238281,9727.143555,10067.962891,15144925408.0
2019-09-24,8620.566406,8620.566406,9804.317383,8370.801758,9729.321289,25002886689.0
2019-09-25,8486.993164,8486.993164,8744.828125,8325.396484,8603.428711,21744728353.0
2019-09-26,8118.967773,8118.967773,8515.685547,7895.629395,8487.669922,19258205289.0
2019-09-27,8251.845703,8251.845703,8271.520508,7965.922852,8113.101073999999,16408941156.0
2019-09-28,8245.915039,8245.915039,8285.617188,8125.431640999999,8251.273438,14141152736.0
2019-09-29,8104.185547,8104.185547,8261.707031,7990.49707,8246.037109,13034629109.0
2019-09-30,8293.868164,8293.868164,8314.231445,7830.758789,8104.226562999999,17115474183.0
2019-10-01,8343.276367,8343.276367,8497.692383,8232.679688,8299.720703,15305343413.0
2019-10-02,8393.041992,8393.041992,8393.041992,8227.695313,8344.212891,13125712443.0
2019-10-03,8259.992188,8259.992188,8414.227539,8146.437012,8390.774414,13668823409.0
2019-10-04,8205.939453,8205.939453,8260.055664,8151.236816,8259.494141,13139456229.0
2019-10-05,8151.500488,8151.500488,8215.526367,8071.120605,8210.149414,12200497197.0
2019-10-06,7988.155762,7988.155762,8161.410156,7958.850586,8149.876953,13160830305.0
2019-10-07,8245.623047,8245.623047,8308.450195,7905.766113,7989.120605,18009742607.0
2019-10-08,8228.783203,8228.783203,8332.714844,8185.763184,8246.849609,15592264032.0
2019-10-09,8595.740234,8595.740234,8627.706055,8169.298828,8229.84082,19384942333.0
2019-10-10,8586.473633,8586.473633,8625.272461,8471.933594,8585.280273,17618660671.0
2019-10-11,8321.756836,8321.756836,8721.780273,8316.181641,8585.262695,19604381101.0
2019-10-12,8336.555664,8336.555664,8415.242188,8313.34082,8315.665039,14532641605.0
2019-10-13,8321.005859,8321.005859,8470.988281,8276.612305,8336.902344,13808286059.0
2019-10-14,8374.686523,8374.686523,8390.208984,8284.130859,8320.832031,15151387859.0
2019-10-15,8205.369141,8205.369141,8410.714844,8182.706543000001,8373.458008,15220412632.0
2019-10-16,8047.526855,8047.526855,8216.8125,7985.089844,8204.674805,16071646996.0
2019-10-17,8103.911133,8103.911133,8134.831543000001,8000.942870999999,8047.8125,14313052244.0
2019-10-18,7973.20752,7973.20752,8138.413573999999,7902.164062999999,8100.933594,15651592610.0
2019-10-19,7988.560547,7988.560547,8082.629395,7944.776855,7973.803711,13797825640.0
2019-10-20,8222.078125,8222.078125,8281.818359,7949.439453,7997.807129000001,15504249442.0
2019-10-21,8243.720703,8243.720703,8296.694336,8196.416016,8225.115234,15868748866.0
2019-10-22,8078.203125,8078.203125,8296.651367,8074.462890999999,8243.402344,16803377857.0
2019-10-23,7514.671875,7514.671875,8092.999512,7469.322754000001,8076.228515999999,21942878958.0
2019-10-24,7493.48877,7493.48877,7532.867676000001,7446.98877,7509.728026999999,16268708849.0
2019-10-25,8660.700195,8660.700195,8691.540039,7479.984375,7490.703125,28705065488.0
2019-10-26,9244.972656,9244.972656,10021.744141,8662.62207,8667.577148,44496255609.0
2019-10-27,9551.714844,9551.714844,9749.529297,9112.541992,9241.707031,32593129501.0
2019-10-28,9256.148438,9256.148438,9805.118164,9256.148438,9565.101563,30948255332.0
2019-10-29,9427.6875,9427.6875,9516.180664,9232.648438,9248.44043,28426779937.0
2019-10-30,9205.726563,9205.726563,9426.874023,9085.370117,9422.462891,27706531577.0
2019-10-31,9199.584961,9199.584961,9383.161133,9028.717773,9202.458008,26583653947.0
2019-11-01,9261.104492,9261.104492,9275.657227,9132.047852,9193.992188,24324691031.0
2019-11-02,9324.717773,9324.717773,9377.486328,9249.587891,9259.783203,21242676385.0
2019-11-03,9235.354492,9235.354492,9379.806641,9141.251953,9324.787109,21132220847.0
2019-11-04,9412.612305,9412.612305,9505.051758,9191.485352,9235.607422,26170255634.0
2019-11-05,9342.527344,9342.527344,9457.417969,9256.931641,9413.004883,26198609048.0
2019-11-06,9360.879883,9360.879883,9423.237305,9305.90918,9340.864258,23133895765.0
2019-11-07,9267.561523,9267.561523,9368.476563,9202.353516,9352.393555,22700383839.0
2019-11-08,8804.880859,8804.880859,9272.759766,8775.53418,9265.368164,24333037836.0
2019-11-09,8813.582031,8813.582031,8891.818359,8793.163086,8809.46875,17578630606.0
2019-11-10,9055.526367,9055.526367,9103.826172,8806.162109,8812.489258,20587919881.0
2019-11-11,8757.788086,8757.788086,9081.279297,8700.608398,9056.917969,20265510765.0
2019-11-12,8815.662109,8815.662109,8853.768555,8685.427734,8759.751953,20309769107.0
2019-11-13,8808.262695,8808.262695,8836.841797,8761.651367,8812.033203,17545755405.0
2019-11-14,8708.094727,8708.094727,8826.943359,8692.551758,8811.936523,19084739975.0
2019-11-15,8491.992188,8491.992188,8730.873047,8484.84375,8705.708008,21796856471.0
2019-11-16,8550.760742,8550.760742,8591.99707,8473.973633,8491.166016,16495389808.0
2019-11-17,8577.975586,8577.975586,8727.789063,8500.967773,8549.470703,18668638897.0
2019-11-18,8309.286133,8309.286133,8653.280273,8273.573242,8573.980469,21579470673.0
2019-11-19,8206.145508,8206.145508,8408.516602,8099.963379000001,8305.134766,21083613816.0
2019-11-20,8027.268066,8027.268066,8237.240234,8010.511719,8203.613281,20764300437.0
2019-11-21,7642.75,7642.75,8110.098145,7597.381836,8023.644531,22514243371.0
2019-11-22,7296.577637,7296.577637,7697.382812999999,6936.706543000001,7643.569336,34242315785.0
2019-11-23,7397.796875,7397.796875,7442.258789,7151.417969,7296.164551000001,21008924418.0
2019-11-24,7047.916992,7047.916992,7408.577148,7029.289062999999,7398.633789,30433517289.0
2019-11-25,7146.133789,7146.133789,7319.856934,6617.166992,7039.977051000001,42685231262.0
2019-11-26,7218.371094,7218.371094,7320.230469,7098.572265999999,7145.15918,21129505542.0
2019-11-27,7531.663573999999,7531.663573999999,7619.693359000001,6974.174316,7220.880859000001,23991412764.0
2019-11-28,7463.105956999999,7463.105956999999,7730.072754000001,7454.121581999999,7536.820312999999,19050116751.0
2019-11-29,7761.243651999999,7761.243651999999,7781.179687999999,7460.756348000001,7466.727051000001,19709695456.0
2019-11-30,7569.629883,7569.629883,7836.102051000001,7515.849609000001,7764.057129000001,17158194786.0
2019-12-01,7424.29248,7424.29248,7571.616211,7291.341797,7571.616211,18720708479.0
2019-12-02,7321.988281,7321.988281,7474.818848000001,7233.399414,7424.036133,17082040706.0
2019-12-03,7320.145508,7320.145508,7418.858887,7229.356934,7323.975586,14797485769.0
2019-12-04,7252.034668000001,7252.034668000001,7539.784668000001,7170.922852,7320.125,21664240918.0
2019-12-05,7448.307617,7448.307617,7743.431640999999,7232.676758,7253.241698999999,18816085231.0
2019-12-06,7546.996581999999,7546.996581999999,7546.996581999999,7392.175293000001,7450.561523,18104466307.0
2019-12-07,7556.237793000001,7556.237793000001,7589.95166,7525.711426000001,7547.265625,15453520564.0
2019-12-08,7564.345215,7564.345215,7634.606445,7476.091309,7551.338867,15409908086.0
2019-12-09,7400.899414,7400.899414,7618.091797,7365.985352,7561.79541,17872021272.0
2019-12-10,7278.119629000001,7278.119629000001,7424.022948999999,7246.043945,7397.134276999999,18249031195.0
2019-12-11,7217.427245999999,7217.427245999999,7324.15625,7195.527344,7277.197754000001,16350490689.0
2019-12-12,7243.134276999999,7243.134276999999,7266.639648,7164.741211,7216.73877,18927080224.0
2019-12-13,7269.68457,7269.68457,7293.560547,7227.122559,7244.662109000001,17125736940.0
2019-12-14,7124.673828,7124.673828,7308.836426000001,7097.208984000001,7268.902831999999,17137029730.0
2019-12-15,7152.301758,7152.301758,7181.075684,6924.375977,7124.239745999999,16881129804.0
2019-12-16,6932.480469,6932.480469,7171.168945,6903.682617,7153.663086,20213265950.0
2019-12-17,6640.515136999999,6640.515136999999,6964.075195,6587.974121,6931.31543,22363804217.0
2019-12-18,7276.802734000001,7276.802734000001,7324.984863,6540.049316,6647.698242,31836522778.0
2019-12-19,7202.844238,7202.844238,7346.602539,7041.381836,7277.59082,25904604416.0
2019-12-20,7218.816406,7218.816406,7257.921875,7086.124023,7208.636719,22633815180.0
2019-12-21,7191.158691,7191.158691,7223.226073999999,7112.73584,7220.59375,19312552168.0
2019-12-22,7511.588867,7511.588867,7518.033203,7167.179198999999,7191.188477,23134537956.0
2019-12-23,7355.628418000001,7355.628418000001,7656.17627,7326.192383,7508.902344,27831788041.0
2019-12-24,7322.532227,7322.532227,7535.716797,7269.528809,7354.393066,22991622105.0
2019-12-25,7275.155762,7275.155762,7357.02002,7220.991211,7325.755859000001,21559505149.0
2019-12-26,7238.966797,7238.966797,7388.302734000001,7200.386719,7274.799316,22787010034.0
2019-12-27,7290.088379000001,7290.088379000001,7363.529297,7189.934081999999,7238.141113,22777360996.0
2019-12-28,7317.990234000001,7317.990234000001,7399.041015999999,7286.905273,7289.03125,21365673026.0
2019-12-29,7422.652831999999,7422.652831999999,7513.948242,7279.865234000001,7317.647461,22445257702.0
2019-12-30,7292.995117,7292.995117,7454.824219,7276.308105,7420.272948999999,22874131672.0
2019-12-31,7193.599120999999,7193.599120999999,7335.290039,7169.777831999999,7294.438965,21167946112.0
2020-01-01,7200.174316,7200.174316,7254.330566,7174.944336,7194.89209,18565664997.0
2020-01-02,6985.470215,6985.470215,7212.155273,6935.27002,7202.55127,20802083465.0
2020-01-03,7344.884276999999,7344.884276999999,7413.715331999999,6914.996094,6984.428711,28111481032.0
2020-01-04,7410.656738,7410.656738,7427.385742,7309.51416,7345.375488,18444271275.0
2020-01-05,7411.317383,7411.317383,7544.49707,7400.535645,7410.45166,19725074095.0
2020-01-06,7769.219238,7769.219238,7781.867187999999,7409.292969,7410.452148,23276261598.0
2020-01-07,8163.692383,8163.692383,8178.21582,7768.227539,7768.682129000001,28767291327.0
2020-01-08,8079.862793000001,8079.862793000001,8396.738281,7956.774414,8161.935547,31672559265.0
2020-01-09,7879.071289,7879.071289,8082.295898,7842.403809,8082.295898,24045990466.0
2020-01-10,8166.554198999999,8166.554198999999,8166.554198999999,7726.774901999999,7878.307617,28714583844.0
2020-01-11,8037.537598000001,8037.537598000001,8218.359375,8029.64209,8162.190918000001,25521165085.0
2020-01-12,8192.494141,8192.494141,8200.063477,8009.059081999999,8033.261719,22903438381.0
2020-01-13,8144.194336,8144.194336,8197.788086,8079.700684,8189.771973000001,22482910688.0
2020-01-14,8827.764648,8827.764648,8879.511719,8140.933105,8140.933105,44841784107.0
2020-01-15,8807.010742,8807.010742,8890.117188,8657.1875,8825.34375,40102834650.0
2020-01-16,8723.786133,8723.786133,8846.460938,8612.095703,8812.481445,31313981931.0
2020-01-17,8929.038086,8929.038086,8958.12207,8677.316406,8725.209961,36372139320.0
2020-01-18,8942.808594,8942.808594,9012.198242,8827.332031,8927.211914,32337772627.0
2020-01-19,8706.245117,8706.245117,9164.362305,8620.080078,8941.445313,34217320471.0
2020-01-20,8657.642578,8657.642578,8745.59082,8560.473633,8704.631836,26422375678.0
2020-01-21,8745.894531,8745.894531,8755.706055,8544.520508,8658.991211,24097418512.0
2020-01-22,8680.875977,8680.875977,8792.994141,8636.74707,8744.210938,22600204051.0
2020-01-23,8406.515625,8406.515625,8687.74707,8333.637695,8680.650391,25770680779.0
2020-01-24,8445.43457,8445.43457,8514.666992,8266.84082,8405.567383,24397913026.0
2020-01-25,8367.847656,8367.847656,8458.453125,8296.21875,8440.119141,19647331549.0
2020-01-26,8596.830078,8596.830078,8602.401367,8325.498047,8364.410156,22177678796.0
2020-01-27,8909.819336,8909.819336,8977.726563,8597.308594,8597.308594,28647338393.0
2020-01-28,9358.589844,9358.589844,9358.589844,8908.447266,8912.524414,34398744403.0
2020-01-29,9316.629883,9316.629883,9406.431641,9269.467773,9357.470703,30682598115.0
2020-01-30,9508.993164,9508.993164,9553.125977,9230.897461,9316.016602,32378792851.0
2020-01-31,9350.529297,9350.529297,9521.706055,9230.776367,9508.313477,29432489719.0
2020-02-01,9392.875,9392.875,9439.323242,9313.239258,9346.357422,25922656496.0
2020-02-02,9344.365234,9344.365234,9468.797852,9217.824219,9389.820313,30835736946.0
2020-02-03,9293.521484,9293.521484,9540.37207,9248.633789,9344.683594,30934096509.0
2020-02-04,9180.962891,9180.962891,9331.265625,9112.811523,9292.841797,29893183716.0
2020-02-05,9613.423828,9613.423828,9701.299805,9163.704102,9183.416016,35222060874.0
2020-02-06,9729.801758,9729.801758,9824.619141,9539.818359,9617.821289,37628823716.0
2020-02-07,9795.943359,9795.943359,9834.716797,9726.00293,9726.00293,34522718159.0
2020-02-08,9865.119141,9865.119141,9876.749023,9678.910156,9793.070313,35172043762.0
2020-02-09,10116.673828,10116.673828,10129.435547,9850.392578,9863.894531,35807884663.0
2020-02-10,9856.611328,9856.611328,10165.765625,9784.563477,10115.55957,39386548075.0
2020-02-11,10208.236328,10208.236328,10210.052734,9729.334961,9855.891602,37648059389.0
2020-02-12,10326.054688,10326.054688,10393.611328,10202.387695,10202.387695,43444303830.0
2020-02-13,10214.379883,10214.379883,10457.626953,10116.161133,10323.960938,49356071373.0
2020-02-14,10312.116211,10312.116211,10321.996094,10125.53418,10211.550781,43338264162.0
2020-02-15,9889.424805,9889.424805,10341.555664,9874.427734,10313.856445,43865054831.0
2020-02-16,9934.433594,9934.433594,10053.96875,9722.386719,9889.179688,43374780305.0
2020-02-17,9690.142578,9690.142578,9938.81543,9507.637695,9936.560547,45998298413.0
2020-02-18,10141.996094,10141.996094,10161.935547,9632.382813,9691.230469,47271023953.0
2020-02-19,9633.386719,9633.386719,10191.675781,9611.223633,10143.798828,46992019710.0
2020-02-20,9608.475586,9608.475586,9643.216797,9507.900391,9629.325195,44925260237.0
2020-02-21,9686.441406,9686.441406,9723.014648,9589.743164,9611.782227,40930547513.0
2020-02-22,9663.181641,9663.181641,9698.231445,9600.728516,9687.707031,35838025154.0
2020-02-23,9924.515625,9924.515625,9937.404297,9657.791016,9663.318359,41185185761.0
2020-02-24,9650.174805,9650.174805,9951.746094,9537.042969,9921.583008,45080496648.0
2020-02-25,9341.705078,9341.705078,9652.737305,9305.021484,9651.3125,42515259129.0
2020-02-26,8820.522461,8820.522461,9354.77832,8704.426758,9338.290039,50420050762.0
2020-02-27,8784.494141,8784.494141,8932.892578,8577.199219,8825.09375,45470195695.0
2020-02-28,8672.455078,8672.455078,8890.456055,8492.932617,8788.728516,44605450443.0
2020-02-29,8599.508789,8599.508789,8775.631836,8599.508789,8671.212891,35792392544.0
2020-03-01,8562.454102,8562.454102,8726.796875,8471.212891,8599.758789,35349164300.0
2020-03-02,8869.669922,8869.669922,8921.308594,8532.630859,8563.264648,42857674409.0
2020-03-03,8787.786133,8787.786133,8901.598633,8704.990234,8865.387695,42386715821.0
2020-03-04,8755.246094,8755.246094,8843.366211,8712.431641,8788.541992,34746706368.0
2020-03-05,9078.762695,9078.762695,9142.054688,8757.253906,8760.285156,39698054597.0
2020-03-06,9122.545898,9122.545898,9167.695313,9032.079102,9078.308594,40826885651.0
2020-03-07,8909.954102,8909.954102,9163.220703,8890.744141,9121.600586,36216930370.0
2020-03-08,8108.116211,8108.116211,8914.34375,8105.25293,8908.206055,39973102121.0
2020-03-09,7923.644531,7923.644531,8177.793456999999,7690.098145,8111.146484000001,46936995808.0
2020-03-10,7909.729492,7909.729492,8136.945312999999,7814.763184,7922.146973000001,42213940994.0
2020-03-11,7911.430176000001,7911.430176000001,7950.814453,7642.8125,7910.089844,38682762605.0
2020-03-12,4970.788086,4970.788086,7929.116211,4860.354004,7913.616211,53980357243.0
2020-03-13,5563.707031,5563.707031,5838.114746,4106.980957,5017.831055,74156772075.0
2020-03-14,5200.366211,5200.366211,5625.226563,5125.069336,5573.077636999999,36154506008.0
2020-03-15,5392.314941,5392.314941,5836.64502,5169.283203,5201.066895,33997889639.0
2020-03-16,5014.47998,5014.47998,5385.229492,4575.35791,5385.229492,45368026430.0
2020-03-17,5225.629395,5225.629395,5371.348633,4981.90918,5002.578125,38622642935.0
2020-03-18,5238.438477000001,5238.438477000001,5331.833984000001,5069.335938,5227.11377,37878801016.0
2020-03-19,6191.192871,6191.192871,6329.73584,5236.96875,5245.416504,51000731797.0
2020-03-20,6198.77832,6198.77832,6844.261719,5865.781738000001,6191.653809,54442976103.0
2020-03-21,6185.066406,6185.066406,6378.135254,5932.823242,6206.521484000001,42494390880.0
2020-03-22,5830.254883,5830.254883,6359.697265999999,5823.713867,6185.558105,40099664740.0
2020-03-23,6416.314941,6416.314941,6443.93457,5785.004395,5831.374511999999,46491916000.0
2020-03-24,6734.803711,6734.803711,6789.022948999999,6411.066406,6436.642578,48221910672.0
2020-03-25,6681.062988000001,6681.062988000001,6892.51123,6536.92627,6738.716797,44590107888.0
2020-03-26,6716.44043,6716.44043,6735.463867,6590.962890999999,6675.170897999999,35319797642.0
2020-03-27,6469.79834,6469.79834,6793.836426000001,6466.70166,6719.38916,34585598367.0
2020-03-28,6242.193848,6242.193848,6467.500977000001,6117.837890999999,6467.253906,34885225901.0
2020-03-29,5922.042969,5922.042969,6250.467285,5920.085938,6245.624511999999,28373690931.0
2020-03-30,6429.841797,6429.841797,6517.195801,5903.234375,5925.538574,37101651525.0
2020-03-31,6438.644531,6438.644531,6504.515136999999,6374.162109000001,6430.606445,32786468812.0
2020-04-01,6606.776367,6606.776367,6612.57373,6202.373535,6437.319336,40346426266.0
2020-04-02,6793.624512,6793.624512,7088.247559,6595.918457,6606.776367,47660646124.0
2020-04-03,6733.387206999999,6733.387206999999,7003.220703,6673.335938,6797.396484000001,38976504903.0
2020-04-04,6867.527344,6867.527344,6878.953613,6696.484863000001,6738.382812999999,33185988584.0
2020-04-05,6791.129395,6791.129395,6883.414062999999,6715.929198999999,6862.537598000001,29510409856.0
2020-04-06,7271.78125,7271.78125,7271.78125,6782.889648,6788.049805,46896904615.0
2020-04-07,7176.414551000001,7176.414551000001,7427.939453,7136.714355,7273.644043000001,44243482668.0
2020-04-08,7334.098633,7334.098633,7356.223633,7153.305664,7179.283203,37563249549.0
2020-04-09,7302.089355,7302.089355,7341.448242,7179.094238,7337.966309,34815139178.0
2020-04-10,6865.493164,6865.493164,7303.81543,6802.475098000001,7303.81543,43622840992.0
2020-04-11,6859.083008,6859.083008,6926.069823999999,6789.920898,6867.44043,31222085946.0
2020-04-12,6971.091797,6971.091797,7119.947265999999,6811.078125,6858.067870999999,35759567632.0
2020-04-13,6845.037598000001,6845.037598000001,6965.616698999999,6668.259765999999,6965.616698999999,38619308647.0
2020-04-14,6842.427734000001,6842.427734000001,6958.557129000001,6793.821289,6843.281738,34110434052.0
2020-04-15,6642.109863000001,6642.109863000001,6928.664551000001,6633.402832,6845.561523,32288311031.0
2020-04-16,7116.804198999999,7116.804198999999,7134.450684,6555.504395,6640.454102000001,46783242377.0
2020-04-17,7096.18457,7096.18457,7167.183105,7050.332031,7116.552734000001,32513423567.0
2020-04-18,7257.665039,7257.665039,7269.956543000001,7089.24707,7092.291504000001,32447188386.0
2020-04-19,7189.424805,7189.424805,7280.521973000001,7167.054687999999,7260.922363,31311210215.0
2020-04-20,6881.958495999999,6881.958495999999,7240.290526999999,6835.50293,7186.873535,37747113936.0
2020-04-21,6880.323242,6880.323242,6934.551758,6834.442383,6879.78418,32589741511.0
2020-04-22,7117.20752,7117.20752,7145.865723000001,6867.781738,6879.44043,33249153866.0
2020-04-23,7429.724609000001,7429.724609000001,7491.785156,7081.594727,7121.306151999999,43500782316.0
2020-04-24,7550.900879000001,7550.900879000001,7574.195801000001,7434.181640999999,7434.181640999999,34636526286.0
2020-04-25,7569.936035,7569.936035,7641.36377,7521.672363,7550.48291,32941541447.0
2020-04-26,7679.867187999999,7679.867187999999,7700.594238,7561.407715,7570.13916,33070154491.0
2020-04-27,7795.601073999999,7795.601073999999,7795.601073999999,7679.418945,7679.418945,36162144725.0
2020-04-28,7807.058594,7807.058594,7814.527344,7730.806640999999,7796.970215,33187959921.0
2020-04-29,8801.038086,8801.038086,8871.753906,7786.049316,7806.712401999999,60201052203.0
2020-04-30,8658.553711,8658.553711,9440.650391,8533.255859,8797.669922,66964629541.0
2020-05-01,8864.766602,8864.766602,9048.023438,8667.763672,8672.782227,44068389997.0
2020-05-02,8988.59668,8988.59668,9007.1875,8811.366211,8869.057617,40134388683.0
2020-05-03,8897.46875,8897.46875,9167.78125,8830.97168,8983.614258,47101785174.0
2020-05-04,8912.654297,8912.654297,8956.90625,8645.024414,8895.745117,45718796276.0
2020-05-05,9003.070313,9003.070313,9062.415039,8856.827148,8912.832031,43148462663.0
2020-05-06,9268.761719,9268.761719,9411.467773,8966.706055,9007.441406,49371886931.0
2020-05-07,9951.518555,9951.518555,9992.664063,9138.322266,9261.895508,61112700562.0
2020-05-08,9842.666016,9842.666016,9996.743164,9767.172852,9936.162109,51780748042.0
2020-05-09,9593.896484,9593.896484,9913.863281,9580.644531,9840.90625,46566121841.0
2020-05-10,8756.430664,8756.430664,9595.581055,8395.107422,9591.168945,63325279337.0
2020-05-11,8601.795898,8601.795898,9033.470703,8374.323242,8755.535156,57119858802.0
2020-05-12,8804.477539,8804.477539,8949.898438,8569.643555,8610.385742,42142717533.0
2020-05-13,9269.987305,9269.987305,9317.878906,8805.387695,8805.387695,45558144023.0
2020-05-14,9733.72168,9733.72168,9793.268555,9255.035156,9271.329102,56426907637.0
2020-05-15,9328.197266,9328.197266,9755.828125,9261.398438,9734.291016,48158802327.0
2020-05-16,9377.013672,9377.013672,9564.205078,9260.694336,9333.240234,36164766408.0
2020-05-17,9670.739258,9670.739258,9823.001953,9349.545898,9374.929688,40084250663.0
2020-05-18,9726.575195,9726.575195,9906.030273,9570.359375,9675.695313,41827139896.0
2020-05-19,9729.038086,9729.038086,9836.047852,9539.624023,9727.063477,39254288955.0
2020-05-20,9522.981445,9522.981445,9804.793945,9447.201172,9725.329102,36546239703.0
2020-05-21,9081.761719,9081.761719,9555.242188,8869.930664,9522.740234,39326160532.0
2020-05-22,9182.577148,9182.577148,9232.936523,9008.638672,9080.334961,29810773699.0
2020-05-23,9209.287109,9209.287109,9302.501953,9118.108398,9185.0625,27727866812.0
2020-05-24,8790.368164,8790.368164,9288.404297,8787.250977,9212.283203,32518803300.0
2020-05-25,8906.93457,8906.93457,8951.005859,8719.667969,8786.107422,31288157264.0
2020-05-26,8835.052734,8835.052734,8991.967773,8757.293945,8909.585938,29584186947.0
2020-05-27,9181.017578,9181.017578,9203.320313,8834.157227,8837.380859,32740536902.0
2020-05-28,9525.750977,9525.750977,9546.319336,9148.457031,9184.945313,34367073114.0
2020-05-29,9439.124023,9439.124023,9573.666992,9379.338867,9528.355469,32896642044.0
2020-05-30,9700.414063,9700.414063,9704.030273,9366.729492,9438.914063,32722975141.0
2020-05-31,9461.058594,9461.058594,9700.34375,9432.296875,9700.105469,27773290299.0
2020-06-01,10167.268555,10167.268555,10199.56543,9450.899414,9463.605469,35198901068.0
2020-06-02,9529.803711,9529.803711,10182.34082,9460.571289,10162.973633,39137252109.0
2020-06-03,9656.717773,9656.717773,9682.859375,9471.84668,9533.760742,25007459262.0
2020-06-04,9800.636719,9800.636719,9887.610352,9525.24707,9655.854492,25921805072.0
2020-06-05,9665.533203,9665.533203,9869.237305,9663.216797,9800.21582,23509628646.0
2020-06-06,9653.679688,9653.679688,9773.431641,9591.024414,9664.904297,20438419222.0
2020-06-07,9758.852539,9758.852539,9768.498047,9458.150391,9653.00293,25015250846.0
2020-06-08,9771.489258,9771.489258,9782.306641,9675.885742,9760.063477,21486346312.0
2020-06-09,9795.700195,9795.700195,9836.369141,9664.719727,9774.360352,23717842783.0
2020-06-10,9870.094727,9870.094727,9908.896484,9728.291016,9794.119141,25706567601.0
2020-06-11,9321.78125,9321.78125,9938.297852,9263.069336,9870.078125,30247143440.0
2020-06-12,9480.84375,9480.84375,9540.46582,9285.851563,9320.69043,22610564515.0
2020-06-13,9475.277344,9475.277344,9493.211914,9396.009766,9480.735352,17564322315.0
2020-06-14,9386.788086,9386.788086,9482.270508,9347.59375,9477.553711,18991732746.0
2020-06-15,9450.702148,9450.702148,9504.860352,8990.175781,9386.035156,26699704768.0
2020-06-16,9538.024414,9538.024414,9579.430664,9400.445313,9454.266602,21565537209.0
2020-06-17,9480.254883,9480.254883,9540.422852,9327.339844,9533.78418,20177709879.0
2020-06-18,9411.84082,9411.84082,9482.782227,9328.395508,9481.567383,17770083003.0
2020-06-19,9288.018555,9288.018555,9440.875977,9274.295898,9410.293945,19632223107.0
2020-06-20,9332.34082,9332.34082,9394.97168,9247.379883,9290.959961,17130541557.0
2020-06-21,9303.629883,9303.629883,9401.107422,9300.430664,9330.926758,15324301169.0
2020-06-22,9648.717773,9648.717773,9655.073242,9296.87207,9300.915039,21104009514.0
2020-06-23,9629.658203,9629.658203,9670.541016,9547.24707,9644.076172,17006433272.0
2020-06-24,9313.610352,9313.610352,9680.367188,9278.233398,9632.149414,18961716076.0
2020-06-25,9264.813477,9264.813477,9340.161133,9095.324219,9314.126953,18616048626.0
2020-06-26,9162.917969,9162.917969,9310.516602,9101.738281,9260.995117,18341465837.0
2020-06-27,9045.390625,9045.390625,9207.810547,8998.216797,9167.824219,17273093144.0
2020-06-28,9143.582031,9143.582031,9197.546875,8975.525391,9048.460938,14560870760.0
2020-06-29,9190.854492,9190.854492,9237.573242,9041.875977,9140.029297,16460547078.0
2020-06-30,9137.993164,9137.993164,9217.835938,9084.837891,9185.581055,15735797744.0
2020-07-01,9228.325195,9228.325195,9309.754883,9104.735352,9145.985352,15971550355.0
2020-07-02,9123.410156,9123.410156,9274.962891,9036.623047,9231.139648,16338916796.0
2020-07-03,9087.303711,9087.303711,9202.344727,9058.794922,9124.842773,13078970999.0
2020-07-04,9132.488281,9132.488281,9183.295898,9053.629883,9084.233398,12290528515.0
2020-07-05,9073.942383,9073.942383,9162.183594,8977.015625,9126.09082,12903406143.0
2020-07-06,9375.474609,9375.474609,9375.474609,9058.664063,9072.849609,17889263252.0
2020-07-07,9252.277344,9252.277344,9360.617188,9201.81543,9349.161133,13839652595.0
2020-07-08,9428.333008,9428.333008,9450.335938,9249.5,9253.020508,19702359883.0
2020-07-09,9277.967773,9277.967773,9431.378906,9234.999023,9427.994141,18000702524.0
2020-07-10,9278.807617,9278.807617,9287.47168,9118.001953,9273.357422,16860035605.0
2020-07-11,9240.34668,9240.34668,9293.532227,9199.485352,9277.511719,13249910444.0
2020-07-12,9276.5,9276.5,9319.418945,9197.450195,9241.054688,14452361907.0
2020-07-13,9243.614258,9243.614258,9306.405273,9224.292969,9277.205078,17519821266.0
2020-07-14,9243.213867,9243.213867,9283.841797,9171.661133,9238.703125,18085038362.0
2020-07-15,9192.836914,9192.836914,9275.325195,9171.933594,9241.897461,15844731575.0
2020-07-16,9132.227539,9132.227539,9214.3125,9088.947266,9191.980469,15713967523.0
2020-07-17,9151.392578,9151.392578,9182.253906,9089.202148,9131.8125,13944570749.0
2020-07-18,9159.040039,9159.040039,9230.983398,9100.824219,9151.183594,12252601475.0
2020-07-19,9185.817383,9185.817383,9201.398438,9097.632813,9158.005859,12939002784.0
2020-07-20,9164.231445,9164.231445,9214.270508,9137.509766,9187.220703,13755604146.0
2020-07-21,9374.887695,9374.887695,9407.262695,9149.389648,9162.514648,18069581956.0
2020-07-22,9525.363281,9525.363281,9530.518555,9319.65332,9375.080078,16532254884.0
2020-07-23,9581.072266,9581.072266,9610.24707,9483.003906,9527.141602,18146399002.0
2020-07-24,9536.892578,9536.892578,9623.336914,9481.454102,9585.514648,16552768325.0
2020-07-25,9677.113281,9677.113281,9704.556641,9530.211914,9539.485352,16610070933.0
2020-07-26,9905.166992,9905.166992,10023.807617,9652.847656,9680.234375,20507998997.0
2020-07-27,10990.873047,10990.873047,11298.22168,9903.969727,9905.217773,35359749590.0
2020-07-28,10912.823242,10912.823242,11204.327148,10632.631836,11017.463867,28766551142.0
2020-07-29,11100.467773,11100.467773,11304.397461,10856.141602,10912.953125,24617249715.0
2020-07-30,11111.213867,11111.213867,11169.356445,10895.455078,11099.833008,22857247901.0
2020-07-31,11323.466797,11323.466797,11415.864258,10987.053711,11110.210938,23160469766.0
2020-08-01,11759.592773,11759.592773,11794.775391,11239.682617,11322.570313,26075670303.0
2020-08-02,11053.614258,11053.614258,12034.144531,11018.129883,11758.764648,27410067336.0
2020-08-03,11246.348633,11246.348633,11453.079102,11012.415039,11043.768555,20271713443.0
2020-08-04,11205.892578,11205.892578,11385.381836,11094.145508,11246.203125,21250197042.0
2020-08-05,11747.022461,11747.022461,11786.617188,11158.285156,11203.823242,24411254471.0
2020-08-06,11779.773438,11779.773438,11902.335938,11598.713867,11749.871094,23400740340.0
2020-08-07,11601.472656,11601.472656,11898.038086,11408.59375,11778.894531,23132312867.0
2020-08-08,11754.045898,11754.045898,11800.064453,11558.431641,11604.553711,17572057837.0
2020-08-09,11675.739258,11675.739258,11806.056641,11548.78418,11737.325195,17489608833.0
2020-08-10,11878.111328,11878.111328,12045.140625,11662.256836,11662.256836,26114112569.0
2020-08-11,11410.525391,11410.525391,11932.710938,11195.708984,11881.647461,27039782640.0
2020-08-12,11584.93457,11584.93457,11748.396484,11249.605469,11404.59668,25064548486.0
2020-08-13,11784.137695,11784.137695,11796.396484,11216.87207,11588.405273,27522199497.0
2020-08-14,11768.871094,11768.871094,12150.994141,11685.455078,11772.65918,24237958589.0
2020-08-15,11865.698242,11865.698242,11963.203125,11768.697266,11768.697266,23354924400.0
2020-08-16,11892.803711,11892.803711,11934.901367,11737.188477,11866.685547,20583375490.0
2020-08-17,12254.402344,12254.402344,12359.056641,11806.696289,11895.658203,28227687027.0
2020-08-18,11991.233398,11991.233398,12335.707031,11954.525391,12251.895508,26043227672.0
2020-08-19,11758.283203,11758.283203,12028.923828,11687.333008,11990.884766,24502851117.0
2020-08-20,11878.37207,11878.37207,11900.411133,11710.063477,11761.5,20175242945.0
2020-08-21,11592.489258,11592.489258,11899.259766,11564.979492,11878.026367,23762425999.0
2020-08-22,11681.825195,11681.825195,11689.407227,11448.805664,11585.477539,20224191306.0
2020-08-23,11664.847656,11664.847656,11713.429688,11559.920898,11679.696289,18482062658.0
2020-08-24,11774.595703,11774.595703,11807.631836,11623.25,11663.689453,20681511755.0
2020-08-25,11366.134766,11366.134766,11778.299805,11189.850586,11773.588867,26301509932.0
2020-08-26,11488.363281,11488.363281,11530.052734,11296.993164,11366.894531,22466660958.0
2020-08-27,11323.397461,11323.397461,11570.786133,11185.941406,11485.608398,23240415076.0
2020-08-28,11542.5,11542.5,11545.615234,11316.422852,11325.295898,19807127588.0
2020-08-29,11506.865234,11506.865234,11585.640625,11466.292969,11541.054688,17485597759.0
2020-08-30,11711.505859,11711.505859,11715.264648,11492.381836,11508.713867,19760127945.0
2020-08-31,11680.820313,11680.820313,11768.876953,11598.318359,11713.306641,22285928250.0
2020-09-01,11970.478516,11970.478516,12067.081055,11601.128906,11679.316406,27311555343.0
2020-09-02,11414.03418,11414.03418,11964.823242,11290.793945,11964.823242,28037405299.0
2020-09-03,10245.296875,10245.296875,11443.022461,10182.464844,11407.191406,31927261555.0
2020-09-04,10511.813477,10511.813477,10663.919922,10207.94043,10230.365234,29965130374.0
2020-09-05,10169.567383,10169.567383,10581.571289,9946.675781,10512.530273,44916565292.0
2020-09-06,10280.351563,10280.351563,10353.927734,10056.885742,10167.216797,37071460174.0
2020-09-07,10369.563477,10369.563477,10399.15332,9916.493164,10280.998047,33703098409.0
2020-09-08,10131.516602,10131.516602,10414.775391,9945.110352,10369.306641,33430927462.0
2020-09-09,10242.347656,10242.347656,10350.542969,10017.250977,10134.151367,24128292755.0
2020-09-10,10363.138672,10363.138672,10503.912109,10238.135742,10242.330078,54406443211.0
2020-09-11,10400.915039,10400.915039,10434.922852,10140.836914,10369.02832,45201121775.0
2020-09-12,10442.170898,10442.170898,10578.837891,10292.386719,10409.861328,36750077324.0
2020-09-13,10323.755859,10323.755859,10577.214844,10224.330078,10452.399414,36506852789.0
2020-09-14,10680.837891,10680.837891,10800.010742,10266.008789,10328.734375,35453581940.0
2020-09-15,10796.951172,10796.951172,10938.631836,10656.459961,10677.754883,32509451925.0
2020-09-16,10974.905273,10974.905273,11100.124023,10704.884766,10797.761719,30769986455.0
2020-09-17,10948.990234,10948.990234,11037.420898,10774.62793,10973.251953,38151810523.0
2020-09-18,10944.585938,10944.585938,11034.908203,10829.657227,10951.820313,26341903912.0
2020-09-19,11094.34668,11094.34668,11134.092773,10909.618164,10933.75293,22764204008.0
2020-09-20,10938.271484,10938.271484,11095.870117,10814.477539,11095.870117,24699523788.0
2020-09-21,10462.259766,10462.259766,10988.304688,10380.260742,10934.925781,28884999244.0
2020-09-22,10538.459961,10538.459961,10568.077148,10382.726563,10459.624023,23621787804.0
2020-09-23,10246.186523,10246.186523,10537.828125,10197.865234,10535.492188,23788661867.0
2020-09-24,10760.066406,10760.066406,10771.056641,10231.490234,10248.786133,47144380902.0
2020-09-25,10692.716797,10692.716797,10777.696289,10578.914063,10761.109375,39348590957.0
2020-09-26,10750.723633,10750.723633,10772.999023,10667.28125,10695.575195,46852525493.0
2020-09-27,10775.269531,10775.269531,10803.976563,10622.921875,10746.892578,53745972818.0
2020-09-28,10709.652344,10709.652344,10945.347656,10703.893555,10776.613281,47762394731.0
2020-09-29,10844.640625,10844.640625,10860.000977,10649.495117,10709.650391,46582396602.0
2020-09-30,10784.491211,10784.491211,10847.256836,10669.321289,10843.871094,44171073700.0
2020-10-01,10619.452148,10619.452148,10933.624023,10472.356445,10795.254883,40023134100.0
2020-10-02,10575.974609,10575.974609,10657.837891,10416.689453,10619.821289,48661453918.0
2020-10-03,10549.329102,10549.329102,10598.94043,10511.129883,10575.100586,44660271563.0
2020-10-04,10669.583008,10669.583008,10686.0,10534.391602,10550.44043,71251776995.0
2020-10-05,10793.339844,10793.339844,10793.507813,10634.600586,10676.529297,47537578009.0
2020-10-06,10604.40625,10604.40625,10797.578125,10528.890625,10796.306641,42623695307.0
2020-10-07,10668.96875,10668.96875,10680.507813,10562.506836,10603.355469,37799458436.0
2020-10-08,10915.685547,10915.685547,10945.737305,10562.606445,10669.371094,63314794397.0
2020-10-09,11064.458008,11064.458008,11102.671875,10846.850586,10927.913086,22799117613.0
2020-10-10,11296.361328,11296.361328,11442.210938,11056.94043,11059.142578,22877978588.0
2020-10-11,11384.181641,11384.181641,11428.813477,11288.62793,11296.082031,19968627060.0
2020-10-12,11555.363281,11555.363281,11698.467773,11240.686523,11392.635742,26163972642.0
2020-10-13,11425.899414,11425.899414,11548.984375,11321.224609,11548.719727,24241420251.0
2020-10-14,11429.506836,11429.506836,11539.977539,11307.831055,11429.047852,24103426719.0
2020-10-15,11495.349609,11495.349609,11569.914063,11303.603516,11426.602539,24487233058.0
2020-10-16,11322.123047,11322.123047,11540.061523,11223.012695,11502.828125,25635480772.0
2020-10-17,11358.101563,11358.101563,11386.261719,11285.345703,11322.123047,19130430174.0
2020-10-18,11483.359375,11483.359375,11483.359375,11347.578125,11355.982422,18283314340.0
2020-10-19,11742.037109,11742.037109,11799.092773,11408.290039,11495.038086,23860769928.0
2020-10-20,11916.334961,11916.334961,11999.917969,11681.480469,11745.974609,30915821592.0
2020-10-21,12823.689453,12823.689453,13184.566406,11900.928711,11913.077148,43414712626.0
2020-10-22,12965.891602,12965.891602,13161.59375,12717.09375,12801.635742,34729759598.0
2020-10-23,12931.539063,12931.539063,13015.961914,12752.647461,12971.548828,28974975003.0
2020-10-24,13108.0625,13108.0625,13145.066406,12885.74707,12931.574219,24542317940.0
2020-10-25,13031.173828,13031.173828,13329.183594,12910.061523,13108.063477,24406920575.0
2020-10-26,13075.248047,13075.248047,13225.297852,12822.382813,13031.201172,29461458313.0
2020-10-27,13654.21875,13654.21875,13759.668945,13060.837891,13075.242188,33749878156.0
2020-10-28,13271.285156,13271.285156,13837.695313,12932.250977,13654.214844,35867318895.0
2020-10-29,13437.882813,13437.882813,13612.047852000002,12980.05957,13271.298828,56499499598.0
2020-10-30,13546.522461000002,13546.522461000002,13651.516602000002,13136.198242,13437.874022999998,30581485201.0
2020-10-31,13780.995116999999,13780.995116999999,14028.213866999999,13457.530272999998,13546.532227000002,30306464719.0
2020-11-01,13737.109375,13737.109375,13862.033203,13628.37793,13780.995116999999,24453857900.0
2020-11-02,13550.489258000001,13550.489258000001,13808.323241999999,13243.160156,13737.032227000002,30771455468.0
2020-11-03,13950.300781,13950.300781,13984.981445,13325.441406,13550.451172,29869951617.0
2020-11-04,14133.707031,14133.707031,14218.766602000002,13580.47168,13950.488281,35116364962.0
2020-11-05,15579.848633000001,15579.848633000001,15706.404297,14102.088866999999,14133.733397999998,40856321439.0
2020-11-06,15565.880859,15565.880859,15903.4375,15226.839844,15579.729491999999,39837841971.0
2020-11-07,14833.753906,14833.753906,15737.095703,14423.203125,15565.880859,35024953706.0
2020-11-08,15479.567383000001,15479.567383000001,15637.320313,14744.110352000002,14833.753906,26632075029.0
2020-11-09,15332.31543,15332.31543,15785.136719,14865.529297,15479.595703,34149115566.0
2020-11-10,15290.902344,15290.902344,15450.329102000002,15124.959961000002,15332.350586000002,25574938143.0
2020-11-11,15701.339844,15701.339844,15916.260741999999,15290.006836000002,15290.90918,29772374934.0
2020-11-12,16276.34375,16276.34375,16305.003906,15534.771484,15701.298828,34175758344.0
2020-11-13,16317.808594,16317.808594,16463.177734,15992.152344,16276.44043,31599492172.0
2020-11-14,16068.138672,16068.138672,16317.808594,15749.193359,16317.808594,27481710135.0
2020-11-15,15955.587891,15955.587891,16123.110352000002,15793.53418,16068.139647999998,23653867583.0
2020-11-16,16716.111328,16716.111328,16816.181641,15880.706055,15955.577147999998,31526766675.0
2020-11-17,17645.40625,17645.40625,17782.919922,16564.544922,16685.691406,39006849170.0
2020-11-18,17804.005859,17804.005859,18393.949219,17352.90625,17645.191406,49064800278.0
2020-11-19,17817.089844,17817.089844,18119.546875,17382.554688,17803.861328,36985055355.0
2020-11-20,18621.314453,18621.314453,18773.226563,17765.794922,17817.083984,36992873940.0
2020-11-21,18642.232422,18642.232422,18936.621094,18444.359375,18621.316406,39650210707.0
2020-11-22,18370.001953,18370.001953,18688.96875,17671.384766,18642.232422,41280434226.0
2020-11-23,18364.121094,18364.121094,18711.425781,18000.796875,18370.017578,42741112308.0
2020-11-24,19107.464844,19107.464844,19348.271484,18128.65625,18365.015625,51469565009.0
2020-11-25,18732.121094,18732.121094,19390.964844,18581.146484,19104.410156,43710357371.0
2020-11-26,17150.623047,17150.623047,18866.285156,16351.035156,18729.839844,61396835737.0
2020-11-27,17108.402344,17108.402344,17445.023438,16526.423828,17153.914063,38886494645.0
2020-11-28,17717.414063,17717.414063,17853.939453,16910.652344,17112.933594,32601040734.0
2020-11-29,18177.484375,18177.484375,18283.628906,17559.117188,17719.634766,31133957704.0
2020-11-30,19625.835938,19625.835938,19749.263672,18178.322266,18178.322266,47728480399.0
2020-12-01,18802.998047,18802.998047,19845.974609,18321.921875,19633.769531,49633658712.0
2020-12-02,19201.091797,19201.091797,19308.330078,18347.71875,18801.744141,37387697139.0
2020-12-03,19445.398438,19445.398438,19566.191406,18925.785156,19205.925781,31930317405.0
